CreditAgreementID,CustomerID,CreditProductID,AgreementDate,LoanAmount,LoanTerm,InterestRate
1,1,1,2022-07-19,1473548,36,13.31
2,2,3,2023-03-02,154585,8,8.98
3,3,3,2023-07-01,389718,56,8.98
4,4,3,2023-11-30,864551,42,8.98
5,5,1,2022-06-26,1166467,57,13.31
6,6,2,2022-10-17,620614,58,7.24
7,7,1,2023-12-22,1339498,54,13.31
8,8,3,2023-08-28,178078,41,8.98
9,9,2,2022-05-24,659008,44,7.24
10,10,3,2022-09-26,318839,53,8.98
11,11,1,2023-01-24,985461,22,13.31
12,12,2,2023-10-01,552710,14,7.24
13,13,1,2022-10-19,1307862,9,13.31
14,14,3,2022-06-05,102740,38,8.98
15,15,1,2023-08-29,1224774,53,13.31
16,16,2,2023-03-14,598810,46,7.24
17,17,3,2023-05-17,200011,15,8.98
18,18,3,2023-08-13,273007,12,8.98
19,19,1,2022-12-07,1058229,58,13.31
20,20,3,2022-03-03,463544,54,8.98
21,21,1,2022-03-02,787140,6,13.31
22,22,3,2023-07-27,496411,43,8.98
23,23,1,2023-10-02,459239,22,13.31
24,24,1,2023-02-09,1024894,46,13.31
25,25,1,2022-09-24,1599365,35,13.31
26,26,1,2022-08-12,1486204,40,13.31
27,27,1,2022-12-11,800120,40,13.31
28,28,2,2023-01-19,254277,36,7.24
29,29,3,2022-02-05,765913,18,8.98
30,30,1,2022-06-04,1022513,59,13.31
31,31,3,2022-10-08,638557,52,8.98
32,32,2,2023-09-18,1474507,6,7.24
33,33,1,2023-10-29,912144,18,13.31
34,34,3,2022-01-30,438652,59,8.98
35,35,2,2022-06-17,211917,29,7.24
36,36,2,2023-05-28,1010698,22,7.24
37,37,1,2023-06-17,1302897,18,13.31
38,38,2,2023-03-04,1319149,19,7.24
39,39,3,2022-06-29,235280,55,8.98
40,40,3,2022-04-02,843758,29,8.98
41,41,2,2022-09-18,578338,37,7.24
42,42,2,2023-08-20,1119963,53,7.24
43,43,2,2023-06-20,190244,9,7.24
44,44,3,2023-02-25,463699,13,8.98
45,45,2,2022-06-05,759291,24,7.24
46,46,2,2022-01-30,476968,30,7.24
47,47,3,2023-02-03,108523,57,8.98
48,48,1,2023-03-30,710146,6,13.31
49,49,2,2023-01-10,719160,51,7.24
50,50,3,2023-03-08,556569,20,8.98
51,51,2,2022-12-24,820902,29,7.24
52,52,3,2023-01-17,160659,10,8.98
53,53,2,2023-09-23,900454,17,7.24
54,54,1,2022-09-17,1181267,10,13.31
55,55,3,2023-08-05,199857,32,8.98
56,56,1,2022-05-21,1394503,31,13.31
57,57,1,2023-01-20,441088,39,13.31
58,58,3,2023-10-23,542185,55,8.98
59,59,3,2023-05-23,600130,7,8.98
60,60,2,2022-08-16,360334,45,7.24
61,61,1,2022-07-17,749726,13,13.31
62,62,3,2023-01-18,770775,27,8.98
63,63,2,2023-06-12,1469292,24,7.24
64,64,1,2023-09-25,1260944,33,13.31
65,65,1,2023-05-03,145456,28,13.31
66,66,3,2022-11-13,113111,37,8.98
67,67,1,2022-06-25,582334,20,13.31
68,68,2,2023-01-26,361702,44,7.24
69,69,2,2023-03-05,703323,6,7.24
70,70,1,2022-07-10,436554,48,13.31
71,71,3,2022-08-15,162648,38,8.98
72,72,2,2022-11-17,1172335,14,7.24
73,73,3,2023-12-11,829270,35,8.98
74,74,2,2023-03-17,671003,9,7.24
75,75,1,2022-08-25,535762,27,13.31
76,76,1,2022-01-18,1553555,47,13.31
77,77,2,2022-03-10,572182,36,7.24
78,78,2,2023-08-04,857744,20,7.24
79,79,1,2022-04-21,1662021,46,13.31
80,80,3,2023-05-20,534568,42,8.98
81,81,2,2022-01-31,591331,45,7.24
82,82,3,2023-11-11,358740,35,8.98
83,83,3,2022-12-20,351117,21,8.98
84,84,1,2022-08-09,1649542,35,13.31
85,85,2,2022-05-09,113879,53,7.24
86,86,1,2023-03-27,191794,15,13.31
87,87,3,2023-01-18,330423,36,8.98
88,88,1,2023-06-25,764238,10,13.31
89,89,3,2022-12-02,291566,41,8.98
90,90,2,2023-09-06,352714,35,7.24
91,91,3,2022-01-13,889527,51,8.98
92,92,2,2023-10-20,726744,20,7.24
93,93,2,2023-07-07,283665,39,7.24
94,94,1,2022-01-23,913941,28,13.31
95,95,3,2023-11-18,512859,27,8.98
96,96,3,2023-07-30,127347,40,8.98
97,97,1,2023-08-24,231515,26,13.31
98,98,3,2022-05-31,495717,51,8.98
99,99,2,2022-05-11,975992,34,7.24
100,100,2,2022-07-12,582526,33,7.24
101,101,2,2023-06-07,1246051,23,7.24
102,102,1,2022-04-21,1115259,59,13.31
103,103,3,2023-03-02,633875,11,8.98
104,104,3,2022-05-25,452476,17,8.98
105,105,1,2023-03-04,474663,15,13.31
106,106,3,2023-04-06,399019,44,8.98
107,107,2,2023-06-09,1275342,19,7.24
108,108,1,2023-03-17,791090,11,13.31
109,109,1,2023-04-07,848247,48,13.31
110,110,1,2023-08-28,1202002,14,13.31
111,111,2,2023-07-08,575946,26,7.24
112,112,1,2023-03-20,1693437,43,13.31
113,113,2,2023-05-18,1463689,39,7.24
114,114,1,2022-05-14,853405,53,13.31
115,115,1,2022-12-24,847252,37,13.31
116,116,3,2023-03-07,619122,49,8.98
117,117,2,2023-04-21,537625,32,7.24
118,118,3,2022-06-02,358210,16,8.98
119,119,2,2023-10-13,169909,6,7.24
120,120,3,2023-08-26,468891,54,8.98
121,121,1,2022-06-30,1646962,12,13.31
122,122,2,2022-07-26,654158,42,7.24
123,123,3,2022-09-16,867818,8,8.98
124,124,2,2022-03-28,1337570,30,7.24
125,125,3,2023-02-04,804526,40,8.98
126,126,3,2022-01-21,572706,22,8.98
127,127,2,2022-09-15,913849,49,7.24
128,128,2,2022-06-04,849317,54,7.24
129,129,1,2022-11-19,1576462,27,13.31
130,130,2,2022-10-30,404663,59,7.24
131,131,1,2023-10-26,239096,21,13.31
132,132,1,2023-06-29,938785,10,13.31
133,133,3,2023-11-10,677985,6,8.98
134,134,2,2022-08-18,631190,23,7.24
135,135,3,2022-11-05,711966,55,8.98
136,136,1,2023-03-19,1602412,42,13.31
137,137,2,2023-11-10,744372,24,7.24
138,138,3,2022-07-18,608758,36,8.98
139,139,2,2023-11-15,480178,55,7.24
140,140,3,2022-09-22,410289,43,8.98
141,141,3,2023-09-01,277249,21,8.98
142,142,3,2022-05-01,541014,32,8.98
143,143,1,2023-01-22,725611,27,13.31
144,144,3,2022-04-11,753507,13,8.98
145,145,1,2022-01-20,526911,41,13.31
146,146,2,2023-01-17,1445020,38,7.24
147,147,3,2023-04-07,512747,16,8.98
148,148,1,2022-06-15,1541230,7,13.31
149,149,1,2022-08-31,1246512,44,13.31
150,150,3,2023-02-25,645786,8,8.98
151,151,2,2022-07-30,795438,41,7.24
152,152,1,2023-11-10,703533,53,13.31
153,153,1,2022-12-25,175600,12,13.31
154,154,2,2023-06-20,253690,14,7.24
155,155,2,2023-12-17,1322821,35,7.24
156,156,2,2022-12-25,447880,60,7.24
157,157,2,2023-02-22,185745,45,7.24
158,158,2,2022-02-01,1412733,58,7.24
159,159,1,2023-02-04,170716,36,13.31
160,160,3,2023-04-13,807120,19,8.98
161,161,2,2023-01-20,1367962,9,7.24
162,162,1,2022-09-12,257894,23,13.31
163,163,2,2022-10-11,672999,44,7.24
164,164,1,2022-03-24,579584,11,13.31
165,165,2,2022-05-11,242668,43,7.24
166,166,3,2022-08-28,873213,55,8.98
167,167,1,2022-05-12,967985,39,13.31
168,168,1,2022-10-14,898444,15,13.31
169,169,3,2022-12-28,605034,6,8.98
170,170,2,2023-08-18,1499643,44,7.24
171,171,3,2023-10-03,665829,13,8.98
172,172,1,2022-12-31,1540383,33,13.31
173,173,1,2022-03-08,1319733,50,13.31
174,174,1,2023-06-13,189966,40,13.31
175,175,2,2023-06-17,214035,16,7.24
176,176,1,2023-03-19,1680505,22,13.31
177,177,1,2023-12-20,770809,52,13.31
178,178,1,2022-11-15,1576504,21,13.31
179,179,3,2022-10-08,290866,56,8.98
180,180,3,2023-04-23,551636,59,8.98
181,181,2,2022-01-03,475201,11,7.24
182,182,3,2023-12-30,396422,20,8.98
183,183,2,2023-04-11,1418605,7,7.24
184,184,3,2023-04-16,215826,23,8.98
185,185,2,2023-01-04,1456475,18,7.24
186,186,3,2023-03-06,306572,25,8.98
187,187,3,2023-03-20,729231,42,8.98
188,188,1,2022-04-30,1438520,16,13.31
189,189,2,2023-05-20,1208465,36,7.24
190,190,1,2023-08-16,1075832,6,13.31
191,191,2,2023-08-06,774206,51,7.24
192,192,3,2023-03-24,304189,8,8.98
193,193,1,2023-02-18,1699603,23,13.31
194,194,1,2023-10-12,443286,32,13.31
195,195,1,2022-03-05,860661,44,13.31
196,196,3,2023-11-25,565523,57,8.98
197,197,1,2022-03-16,1457576,25,13.31
198,198,2,2023-05-04,862949,21,7.24
199,199,2,2022-12-08,1219502,8,7.24
200,200,2,2022-01-17,669959,18,7.24
201,201,2,2022-02-11,1277297,57,7.24
202,202,2,2022-01-05,471233,13,7.24
203,203,2,2022-01-05,697924,45,7.24
204,204,3,2023-12-26,743034,33,8.98
205,205,2,2022-08-11,900312,11,7.24
206,206,3,2022-08-22,658317,26,8.98
207,207,1,2022-03-18,646064,20,13.31
208,208,1,2023-10-21,1095138,22,13.31
209,209,3,2022-12-08,319250,58,8.98
210,210,1,2023-09-13,1227482,23,13.31
211,211,3,2022-08-10,188244,25,8.98
212,212,1,2022-04-02,1340704,21,13.31
213,213,3,2022-01-05,418580,59,8.98
214,214,1,2023-09-18,719489,8,13.31
215,215,2,2022-02-22,261586,52,7.24
216,216,3,2022-04-29,879082,22,8.98
217,217,2,2023-02-03,540234,24,7.24
218,218,1,2022-10-08,1092633,21,13.31
219,219,2,2023-04-13,234011,50,7.24
220,220,3,2022-12-12,397714,30,8.98
221,221,2,2023-02-15,778830,45,7.24
222,222,1,2022-06-15,772490,8,13.31
223,223,3,2022-08-13,346926,19,8.98
224,224,2,2023-04-05,716208,39,7.24
225,225,2,2022-06-07,168374,38,7.24
226,226,1,2022-06-23,1315238,41,13.31
227,227,1,2022-06-23,200979,6,13.31
228,228,1,2022-03-06,1396209,26,13.31
229,229,3,2022-02-13,677906,14,8.98
230,230,1,2022-06-07,178537,56,13.31
231,231,1,2023-11-15,596657,34,13.31
232,232,3,2022-01-01,496222,11,8.98
233,233,3,2023-01-27,351417,22,8.98
234,234,3,2022-11-26,342807,11,8.98
235,235,3,2023-04-07,265058,22,8.98
236,236,3,2022-10-14,887253,45,8.98
237,237,3,2023-02-19,725992,19,8.98
238,238,3,2023-09-01,764492,29,8.98
239,239,1,2022-01-03,1446446,60,13.31
240,240,1,2023-06-02,1514183,13,13.31
241,241,1,2023-11-07,1523600,34,13.31
242,242,3,2023-06-26,365381,58,8.98
243,243,1,2023-08-27,1010440,41,13.31
244,244,1,2022-03-08,503586,33,13.31
245,245,3,2023-11-22,748034,22,8.98
246,246,3,2022-07-05,477747,20,8.98
247,247,1,2022-10-26,357149,13,13.31
248,248,3,2022-08-23,496387,29,8.98
249,249,1,2023-08-23,1620361,53,13.31
250,250,1,2022-06-10,437508,6,13.31
251,251,2,2022-07-18,660276,23,7.24
252,252,1,2023-01-12,1237077,35,13.31
253,253,2,2022-09-29,1310328,46,7.24
254,254,1,2022-09-22,772460,50,13.31
255,255,3,2022-11-25,224826,46,8.98
256,256,2,2022-11-27,571984,55,7.24
257,257,2,2023-07-15,864091,38,7.24
258,258,1,2023-02-01,1620664,29,13.31
259,259,3,2023-12-05,846429,44,8.98
260,260,3,2022-09-28,732407,11,8.98
261,261,1,2023-02-01,955975,58,13.31
262,262,3,2023-12-26,563711,48,8.98
263,263,1,2023-06-28,978682,6,13.31
264,264,3,2023-11-18,603170,54,8.98
265,265,2,2022-09-15,1451097,33,7.24
266,266,1,2023-08-17,135267,60,13.31
267,267,1,2023-06-17,1533560,60,13.31
268,268,3,2022-06-15,225397,15,8.98
269,269,1,2022-10-21,1185142,7,13.31
270,270,3,2023-06-11,511918,16,8.98
271,271,3,2023-07-29,464564,24,8.98
272,272,3,2023-08-23,601557,30,8.98
273,273,1,2022-02-18,1513598,34,13.31
274,274,2,2023-03-19,449409,30,7.24
275,275,2,2023-11-13,537319,35,7.24
276,276,3,2023-10-10,675234,15,8.98
277,277,1,2023-11-03,719027,36,13.31
278,278,3,2022-12-30,271940,16,8.98
279,279,2,2023-07-21,303143,14,7.24
280,280,1,2022-12-07,536434,7,13.31
281,281,3,2022-12-29,160150,39,8.98
282,282,2,2023-12-30,877950,55,7.24
283,283,2,2022-11-25,619431,14,7.24
284,284,2,2022-07-30,784291,6,7.24
285,285,3,2023-10-18,875081,55,8.98
286,286,1,2023-07-11,1035040,55,13.31
287,287,1,2022-11-06,1151576,32,13.31
288,288,1,2023-06-24,431779,13,13.31
289,289,2,2022-02-09,1171732,47,7.24
290,290,3,2022-01-28,806404,37,8.98
291,291,1,2023-12-06,669528,32,13.31
292,292,3,2022-11-25,566966,27,8.98
293,293,3,2023-05-03,350693,18,8.98
294,294,1,2022-01-18,909223,42,13.31
295,295,1,2023-01-12,1581211,14,13.31
296,296,1,2023-02-13,354425,6,13.31
297,297,3,2022-12-29,745717,55,8.98
298,298,1,2023-05-15,967148,34,13.31
299,299,3,2023-12-13,726589,45,8.98
300,300,1,2022-10-26,187022,59,13.31
301,301,2,2022-12-05,450864,50,7.24
302,302,1,2023-04-13,237589,53,13.31
303,303,2,2023-07-26,1486038,16,7.24
304,304,2,2022-07-23,174528,24,7.24
305,305,3,2023-03-12,758543,20,8.98
306,306,1,2023-03-21,403188,23,13.31
307,307,1,2022-08-16,189614,31,13.31
308,308,2,2023-08-19,691918,59,7.24
309,309,1,2023-11-06,1457599,34,13.31
310,310,1,2022-08-01,809969,22,13.31
311,311,3,2022-11-19,533624,16,8.98
312,312,2,2022-04-16,142800,7,7.24
313,313,3,2022-06-01,832551,32,8.98
314,314,2,2023-10-18,467643,55,7.24
315,315,2,2023-10-13,723386,37,7.24
316,316,3,2022-05-06,737576,25,8.98
317,317,2,2023-04-18,746650,37,7.24
318,318,3,2023-01-03,396528,51,8.98
319,319,1,2022-11-22,291695,33,13.31
320,320,3,2023-06-21,752139,54,8.98
321,321,2,2023-05-13,1059617,9,7.24
322,322,2,2023-05-09,230829,16,7.24
323,323,1,2022-05-09,281761,41,13.31
324,324,2,2022-12-01,622792,41,7.24
325,325,3,2023-02-27,519205,59,8.98
326,326,2,2023-01-15,1263139,38,7.24
327,327,2,2023-08-04,1511803,53,7.24
328,328,3,2023-01-09,835634,36,8.98
329,329,3,2023-07-03,279836,23,8.98
330,330,2,2023-10-10,178994,36,7.24
331,331,1,2022-04-29,362588,50,13.31
332,332,3,2023-04-29,616344,12,8.98
333,333,1,2023-03-28,630056,17,13.31
334,334,1,2022-03-27,670056,20,13.31
335,335,2,2023-03-02,413214,47,7.24
336,336,3,2022-05-22,635421,58,8.98
337,337,2,2023-10-10,744865,52,7.24
338,338,3,2023-05-20,801591,57,8.98
339,339,2,2022-11-02,1014815,8,7.24
340,340,2,2023-01-19,894681,14,7.24
341,341,2,2023-01-17,999316,38,7.24
342,342,1,2023-09-18,688042,45,13.31
343,343,2,2022-03-25,1011990,35,7.24
344,344,3,2022-01-07,231678,55,8.98
345,345,1,2023-07-24,951537,59,13.31
346,346,3,2023-02-16,182686,12,8.98
347,347,3,2023-10-02,758174,28,8.98
348,348,2,2023-01-12,1171200,52,7.24
349,349,2,2022-07-07,524168,35,7.24
350,350,1,2022-08-30,649469,8,13.31
351,351,1,2022-05-19,780373,47,13.31
352,352,2,2022-06-14,430666,52,7.24
353,353,3,2023-10-25,735528,59,8.98
354,354,2,2023-04-04,713091,45,7.24
355,355,3,2022-03-28,683674,40,8.98
356,356,2,2023-01-24,599540,44,7.24
357,357,3,2022-09-14,642545,40,8.98
358,358,3,2023-01-24,512200,58,8.98
359,359,3,2022-03-27,719874,35,8.98
360,360,3,2023-11-11,147399,42,8.98
361,361,2,2022-07-14,1308435,39,7.24
362,362,2,2023-03-07,213387,59,7.24
363,363,2,2022-08-21,1186245,14,7.24
364,364,1,2022-08-05,754063,45,13.31
365,365,3,2023-04-22,153039,34,8.98
366,366,2,2022-04-22,390409,32,7.24
367,367,3,2022-01-11,676572,56,8.98
368,368,3,2023-03-17,624137,9,8.98
369,369,3,2023-06-24,193877,37,8.98
370,370,2,2022-02-22,1332015,54,7.24
371,371,3,2023-04-22,855092,12,8.98
372,372,1,2022-07-16,542068,10,13.31
373,373,3,2023-12-11,798964,48,8.98
374,374,3,2023-03-27,625353,41,8.98
375,375,1,2023-03-27,242575,38,13.31
376,376,1,2022-06-26,1602527,29,13.31
377,377,1,2023-11-26,970369,13,13.31
378,378,1,2023-03-13,139522,20,13.31
379,379,2,2022-08-15,1003493,20,7.24
380,380,2,2023-09-25,973701,12,7.24
381,381,1,2022-10-09,1313762,35,13.31
382,382,2,2022-09-10,1371258,25,7.24
383,383,2,2023-06-23,1414463,24,7.24
384,384,1,2022-06-14,232670,30,13.31
385,385,3,2023-10-10,732046,57,8.98
386,386,2,2022-07-26,1129337,37,7.24
387,387,2,2022-07-21,675912,56,7.24
388,388,1,2022-05-04,1235756,12,13.31
389,389,1,2022-08-25,1380860,29,13.31
390,390,2,2022-09-01,289945,44,7.24
391,391,3,2023-03-18,183917,14,8.98
392,392,2,2022-07-26,434813,58,7.24
393,393,1,2022-09-02,328627,57,13.31
394,394,3,2022-08-22,321941,18,8.98
395,395,2,2023-09-11,342506,26,7.24
396,396,1,2022-09-06,1350089,53,13.31
397,397,2,2023-06-18,514182,17,7.24
398,398,1,2022-08-07,536159,40,13.31
399,399,3,2023-11-06,251701,14,8.98
400,400,3,2022-09-26,464642,6,8.98
401,401,3,2022-11-03,605103,56,8.98
402,402,3,2022-02-19,406652,29,8.98
403,403,1,2022-02-11,941255,20,13.31
404,404,1,2023-12-22,759132,37,13.31
405,405,3,2022-09-26,156149,23,8.98
406,406,3,2023-06-06,270596,17,8.98
407,407,3,2022-05-29,534847,10,8.98
408,408,1,2023-01-14,1404297,22,13.31
409,409,3,2022-12-18,510008,39,8.98
410,410,1,2023-03-18,257551,34,13.31
411,411,3,2022-04-07,814384,7,8.98
412,412,3,2023-06-15,696605,53,8.98
413,413,1,2022-07-20,1424895,37,13.31
414,414,1,2022-10-14,1227104,51,13.31
415,415,1,2023-01-31,928558,54,13.31
416,416,2,2023-02-25,1239845,47,7.24
417,417,2,2022-10-15,358845,8,7.24
418,418,2,2023-01-30,729071,40,7.24
419,419,2,2022-03-17,1033972,15,7.24
420,420,1,2023-09-24,1367218,14,13.31
421,421,3,2022-01-21,722268,41,8.98
422,422,1,2023-05-24,1441846,16,13.31
423,423,1,2022-06-17,1339375,26,13.31
424,424,3,2022-12-26,652720,21,8.98
425,425,3,2023-09-10,696988,57,8.98
426,426,2,2023-08-05,572227,17,7.24
427,427,2,2022-12-12,1186547,50,7.24
428,428,2,2023-06-20,678043,13,7.24
429,429,3,2023-03-01,832538,33,8.98
430,430,1,2023-05-14,381702,11,13.31
431,431,1,2023-01-21,1511667,53,13.31
432,432,1,2022-01-30,183260,51,13.31
433,433,3,2022-05-28,748065,23,8.98
434,434,1,2022-09-13,571490,40,13.31
435,435,3,2022-03-22,834368,46,8.98
436,436,3,2023-05-02,209753,36,8.98
437,437,2,2023-01-21,1159264,59,7.24
438,438,3,2022-04-06,797919,48,8.98
439,439,3,2022-11-05,108144,41,8.98
440,440,3,2022-03-24,488113,51,8.98
441,441,2,2023-04-05,735524,39,7.24
442,442,1,2023-09-15,1289593,44,13.31
443,443,1,2023-10-22,1225446,8,13.31
444,444,1,2023-06-14,1004964,15,13.31
445,445,1,2022-01-06,111395,54,13.31
446,446,3,2022-12-15,382243,35,8.98
447,447,2,2022-07-16,776400,46,7.24
448,448,2,2022-11-26,1080895,27,7.24
449,449,2,2022-05-04,477347,54,7.24
450,450,3,2022-08-30,818247,9,8.98
451,451,1,2022-09-21,1304181,42,13.31
452,452,1,2022-05-26,407450,11,13.31
453,453,3,2023-02-24,597174,51,8.98
454,454,3,2022-02-20,785459,56,8.98
455,455,1,2023-04-07,895284,40,13.31
456,456,2,2022-09-27,1404944,7,7.24
457,457,3,2022-03-22,701395,20,8.98
458,458,2,2022-04-30,488856,56,7.24
459,459,2,2023-01-30,309235,32,7.24
460,460,2,2022-07-19,741745,43,7.24
461,461,2,2023-03-10,600709,40,7.24
462,462,3,2022-08-06,163929,52,8.98
463,463,3,2022-04-18,315778,54,8.98
464,464,1,2022-04-06,551718,50,13.31
465,465,3,2022-10-11,243106,28,8.98
466,466,3,2023-04-01,844873,35,8.98
467,467,1,2023-11-18,1386444,10,13.31
468,468,2,2023-07-24,1150636,30,7.24
469,469,2,2022-10-27,285200,43,7.24
470,470,3,2022-10-10,665218,41,8.98
471,471,1,2023-11-03,846268,36,13.31
472,472,2,2023-10-18,1175218,49,7.24
473,473,1,2022-01-07,543338,60,13.31
474,474,1,2023-09-27,419638,27,13.31
475,475,1,2023-01-29,1512811,53,13.31
476,476,3,2023-09-07,154090,55,8.98
477,477,2,2022-09-15,835642,33,7.24
478,478,3,2023-11-24,443788,12,8.98
479,479,3,2023-02-19,625807,11,8.98
480,480,3,2023-09-09,122404,40,8.98
481,481,2,2023-08-28,980763,6,7.24
482,482,2,2022-12-08,832626,58,7.24
483,483,3,2023-08-31,749235,44,8.98
484,484,2,2022-02-02,273705,36,7.24
485,485,1,2023-04-26,145246,18,13.31
486,486,2,2022-07-13,743272,29,7.24
487,487,2,2023-03-05,1465260,31,7.24
488,488,3,2022-07-25,497508,8,8.98
489,489,3,2023-01-29,232534,20,8.98
490,490,2,2022-05-27,1411286,33,7.24
491,491,3,2023-08-09,641731,30,8.98
492,492,2,2023-12-04,1246815,41,7.24
493,493,1,2022-12-11,201213,12,13.31
494,494,1,2023-10-03,1636521,35,13.31
495,495,2,2022-05-20,1162338,7,7.24
496,496,2,2022-03-06,471076,51,7.24
497,497,3,2022-12-20,291257,49,8.98
498,498,1,2023-08-23,1161109,27,13.31
499,499,2,2023-04-03,633103,39,7.24
500,500,2,2023-05-06,1037631,9,7.24
501,501,2,2023-07-22,1307317,40,7.24
502,502,1,2022-06-21,341055,56,13.31
503,503,3,2022-11-23,134755,42,8.98
504,504,3,2022-07-28,338376,13,8.98
505,505,3,2022-07-10,593786,21,8.98
506,506,3,2022-03-18,286251,39,8.98
507,507,3,2022-12-28,199663,58,8.98
508,508,1,2023-08-23,855172,39,13.31
509,509,1,2023-12-14,1066948,49,13.31
510,510,3,2023-08-06,212248,11,8.98
511,511,1,2022-01-08,790045,16,13.31
512,512,2,2022-11-16,731622,58,7.24
513,513,3,2022-02-24,700645,17,8.98
514,514,3,2022-06-20,497512,49,8.98
515,515,3,2023-05-15,236297,32,8.98
516,516,1,2023-03-17,571792,35,13.31
517,517,3,2022-11-18,791762,45,8.98
518,518,3,2022-12-06,159932,58,8.98
519,519,1,2022-12-30,886553,33,13.31
520,520,3,2023-03-25,658466,53,8.98
521,521,2,2023-04-06,1356266,22,7.24
522,522,2,2023-05-10,836334,40,7.24
523,523,3,2022-08-28,608886,34,8.98
524,524,3,2023-05-19,254016,31,8.98
525,525,2,2023-05-11,398340,37,7.24
526,526,1,2022-04-24,1507795,53,13.31
527,527,3,2022-11-06,135854,33,8.98
528,528,1,2023-03-20,781965,22,13.31
529,529,3,2023-04-29,443171,10,8.98
530,530,1,2023-10-08,1040840,20,13.31
531,531,3,2022-11-23,235037,25,8.98
532,532,1,2022-02-16,1080444,14,13.31
533,533,1,2023-11-10,1116875,57,13.31
534,534,1,2022-10-13,166989,10,13.31
535,535,3,2022-03-02,277937,8,8.98
536,536,3,2023-12-11,824977,56,8.98
537,537,1,2022-04-17,499616,59,13.31
538,538,2,2022-02-04,553516,43,7.24
539,539,2,2022-09-13,1185907,21,7.24
540,540,3,2023-01-30,185857,50,8.98
541,541,1,2023-06-29,1322394,18,13.31
542,542,3,2022-11-27,592958,10,8.98
543,543,1,2023-03-26,947800,22,13.31
544,544,3,2022-08-26,344903,49,8.98
545,545,3,2023-11-23,164991,37,8.98
546,546,1,2023-01-29,771017,48,13.31
547,547,1,2023-09-18,708359,53,13.31
548,548,1,2022-12-13,212592,26,13.31
549,549,1,2022-12-08,1541535,54,13.31
550,550,3,2022-05-15,333748,54,8.98
551,551,2,2022-07-27,1093092,28,7.24
552,552,2,2023-12-06,409269,58,7.24
553,553,3,2023-12-16,403406,36,8.98
554,554,2,2022-12-15,537671,21,7.24
555,555,1,2022-05-16,410603,59,13.31
556,556,3,2022-05-03,683637,40,8.98
557,557,3,2022-04-10,699811,23,8.98
558,558,2,2023-12-12,861210,60,7.24
559,559,1,2022-06-23,631345,24,13.31
560,560,2,2022-09-03,449378,31,7.24
561,561,3,2022-03-30,462670,18,8.98
562,562,3,2023-02-13,217338,33,8.98
563,563,2,2022-11-28,1246215,28,7.24
564,564,2,2022-12-20,697259,23,7.24
565,565,3,2023-11-29,361494,48,8.98
566,566,2,2023-07-20,486934,46,7.24
567,567,3,2023-07-26,460327,52,8.98
568,568,1,2022-06-06,220672,52,13.31
569,569,3,2022-08-12,299935,6,8.98
570,570,1,2023-04-26,1042034,6,13.31
571,571,3,2022-12-21,633285,30,8.98
572,572,1,2022-11-28,1260549,38,13.31
573,573,1,2022-05-22,1670269,42,13.31
574,574,2,2022-10-09,368140,46,7.24
575,575,1,2022-12-06,1258902,37,13.31
576,576,1,2022-06-12,718463,56,13.31
577,577,3,2023-09-21,139292,27,8.98
578,578,2,2022-02-13,238838,47,7.24
579,579,3,2022-05-26,135344,9,8.98
580,580,2,2022-03-02,1512107,54,7.24
581,581,2,2022-04-11,396294,9,7.24
582,582,1,2022-01-18,314613,45,13.31
583,583,2,2023-08-10,1420931,11,7.24
584,584,1,2023-05-09,651390,32,13.31
585,585,2,2023-09-19,581134,13,7.24
586,586,2,2023-07-17,308161,44,7.24
587,587,2,2023-09-25,312959,46,7.24
588,588,2,2022-10-12,211072,49,7.24
589,589,2,2023-07-19,1027906,17,7.24
590,590,2,2022-01-14,1285525,14,7.24
591,591,3,2023-04-29,559848,49,8.98
592,592,3,2022-01-10,569356,36,8.98
593,593,2,2023-01-25,1265601,49,7.24
594,594,3,2022-08-03,524720,10,8.98
595,595,3,2023-02-28,738549,24,8.98
596,596,2,2022-03-05,617795,57,7.24
597,597,2,2022-09-25,903164,53,7.24
598,598,1,2023-03-25,1626194,53,13.31
599,599,1,2022-05-15,639482,18,13.31
600,600,2,2023-03-15,870921,27,7.24
601,601,3,2022-11-08,433020,40,8.98
602,602,1,2022-04-25,839690,39,13.31
603,603,2,2022-05-28,1051313,50,7.24
604,604,3,2023-08-20,868087,22,8.98
605,605,2,2022-02-05,1027081,28,7.24
606,606,2,2023-07-15,1473961,24,7.24
607,607,3,2022-11-23,425778,60,8.98
608,608,2,2023-04-05,1302174,22,7.24
609,609,3,2022-10-24,720522,58,8.98
610,610,2,2022-07-31,445502,37,7.24
611,611,1,2023-09-21,1328739,31,13.31
612,612,3,2022-08-22,310440,29,8.98
613,613,3,2023-10-10,457634,25,8.98
614,614,2,2022-08-21,461319,49,7.24
615,615,1,2023-11-19,937461,18,13.31
616,616,2,2022-02-04,1448956,50,7.24
617,617,2,2022-09-11,168333,19,7.24
618,618,1,2023-09-07,186679,24,13.31
619,619,2,2022-08-08,598233,15,7.24
620,620,1,2022-10-25,1656570,26,13.31
621,621,1,2023-08-31,485631,52,13.31
622,622,3,2022-02-12,663451,13,8.98
623,623,3,2023-05-23,195964,46,8.98
624,624,2,2023-07-01,833253,46,7.24
625,625,2,2023-06-28,728829,48,7.24
626,626,2,2022-08-17,377184,57,7.24
627,627,3,2023-10-16,855880,30,8.98
628,628,3,2023-03-26,867066,8,8.98
629,629,1,2023-02-20,1134387,59,13.31
630,630,3,2023-08-22,580234,19,8.98
631,631,1,2022-08-24,1656717,48,13.31
632,632,2,2022-05-15,412251,19,7.24
633,633,3,2022-09-16,739606,11,8.98
634,634,3,2023-01-26,457284,33,8.98
635,635,3,2022-12-15,198691,45,8.98
636,636,3,2022-12-25,154682,24,8.98
637,637,3,2022-05-02,720941,10,8.98
638,638,2,2023-04-22,206700,38,7.24
639,639,2,2023-05-27,741957,33,7.24
640,640,3,2022-05-20,769203,45,8.98
641,641,3,2022-12-12,114308,11,8.98
642,642,3,2023-05-05,414273,23,8.98
643,643,2,2023-08-17,1461438,20,7.24
644,644,2,2022-08-25,498569,38,7.24
645,645,3,2022-11-29,448560,22,8.98
646,646,3,2023-05-15,663974,25,8.98
647,647,1,2022-11-20,854523,60,13.31
648,648,1,2022-12-10,250373,18,13.31
649,649,1,2023-02-24,285264,48,13.31
650,650,1,2023-06-27,947484,43,13.31
651,651,1,2022-03-18,1555401,22,13.31
652,652,1,2022-10-16,1264160,56,13.31
653,653,3,2023-09-26,869754,43,8.98
654,654,1,2022-07-15,520277,53,13.31
655,655,1,2022-03-09,871983,13,13.31
656,656,2,2023-04-10,680729,41,7.24
657,657,1,2022-11-12,1277853,36,13.31
658,658,2,2022-07-01,1278903,42,7.24
659,659,3,2022-03-09,854061,33,8.98
660,660,3,2022-01-06,490517,40,8.98
661,661,2,2023-06-19,1235313,36,7.24
662,662,2,2022-02-01,1441677,38,7.24
663,663,3,2022-09-27,730240,30,8.98
664,664,1,2022-09-15,111593,53,13.31
665,665,1,2023-07-15,242992,58,13.31
666,666,2,2022-09-14,852778,10,7.24
667,667,1,2023-10-28,513251,35,13.31
668,668,2,2023-07-28,475730,9,7.24
669,669,1,2022-10-27,1110543,19,13.31
670,670,2,2023-12-19,1454422,23,7.24
671,671,3,2022-03-07,131691,44,8.98
672,672,2,2023-03-15,890179,50,7.24
673,673,1,2022-02-24,1686174,33,13.31
674,674,1,2022-01-27,1172098,47,13.31
675,675,1,2022-03-17,271031,60,13.31
676,676,2,2023-11-18,659910,60,7.24
677,677,2,2023-10-20,1257682,12,7.24
678,678,2,2023-06-20,1236248,40,7.24
679,679,1,2022-11-05,1176083,28,13.31
680,680,3,2023-06-04,530201,53,8.98
681,681,2,2022-06-19,407107,49,7.24
682,682,3,2022-12-22,361010,49,8.98
683,683,1,2022-12-26,633155,56,13.31
684,684,2,2023-06-02,506173,8,7.24
685,685,2,2022-01-03,983711,42,7.24
686,686,1,2022-02-28,884221,37,13.31
687,687,3,2022-05-17,877458,25,8.98
688,688,1,2022-03-29,650826,24,13.31
689,689,2,2022-03-02,900671,36,7.24
690,690,3,2022-11-28,210117,28,8.98
691,691,3,2022-09-09,616945,41,8.98
692,692,1,2022-03-28,316312,46,13.31
693,693,3,2022-11-04,668655,46,8.98
694,694,1,2023-10-28,223374,22,13.31
695,695,3,2023-02-11,510766,53,8.98
696,696,3,2022-06-21,655147,51,8.98
697,697,2,2023-07-17,282196,25,7.24
698,698,1,2023-03-10,770080,58,13.31
699,699,1,2022-03-28,1193570,21,13.31
700,700,3,2022-10-02,804134,23,8.98
701,701,1,2022-07-27,762951,52,13.31
702,702,2,2022-01-21,341056,27,7.24
703,703,1,2023-10-10,465872,16,13.31
704,704,2,2022-08-07,989838,58,7.24
705,705,2,2022-02-26,1423550,48,7.24
706,706,1,2022-09-23,755698,20,13.31
707,707,1,2022-02-21,1508896,41,13.31
708,708,2,2022-08-13,1257897,36,7.24
709,709,3,2023-05-16,258451,18,8.98
710,710,3,2023-05-07,321502,49,8.98
711,711,3,2022-05-24,816734,42,8.98
712,712,2,2022-09-02,1501580,15,7.24
713,713,3,2022-04-22,675418,43,8.98
714,714,2,2023-07-31,250772,32,7.24
715,715,3,2023-05-06,506302,6,8.98
716,716,1,2023-04-01,1498345,14,13.31
717,717,2,2023-03-05,247906,26,7.24
718,718,2,2023-09-05,982736,27,7.24
719,719,2,2023-01-09,1434532,55,7.24
720,720,1,2023-06-30,751108,18,13.31
721,721,2,2022-09-17,1130645,34,7.24
722,722,1,2023-04-05,285601,50,13.31
723,723,3,2022-05-11,803841,10,8.98
724,724,1,2022-12-04,1265845,34,13.31
725,725,1,2022-03-18,794678,39,13.31
726,726,2,2022-09-15,1225009,24,7.24
727,727,1,2023-04-13,1584483,55,13.31
728,728,3,2023-08-27,811857,39,8.98
729,729,1,2022-07-29,1129087,53,13.31
730,730,1,2022-11-01,1434325,57,13.31
731,731,1,2022-10-07,185800,39,13.31
732,732,2,2022-06-14,1232165,19,7.24
733,733,3,2022-03-29,728752,10,8.98
734,734,3,2023-03-31,510780,42,8.98
735,735,1,2023-03-28,1341390,53,13.31
736,736,2,2022-01-26,243660,42,7.24
737,737,1,2023-03-18,961801,17,13.31
738,738,1,2023-03-21,623245,16,13.31
739,739,3,2022-05-08,294206,51,8.98
740,740,3,2023-11-29,444750,57,8.98
741,741,1,2022-07-10,1133616,27,13.31
742,742,1,2022-04-12,144715,16,13.31
743,743,2,2022-03-24,1173666,15,7.24
744,744,2,2022-10-15,655333,11,7.24
745,745,1,2023-08-25,1208754,35,13.31
746,746,1,2022-07-27,879319,23,13.31
747,747,1,2023-07-01,1489738,38,13.31
748,748,3,2023-06-15,352744,29,8.98
749,749,3,2022-08-09,893042,27,8.98
750,750,2,2023-11-30,835923,60,7.24
751,751,2,2022-09-20,422411,37,7.24
752,752,1,2023-01-31,1476065,29,13.31
753,753,3,2023-11-28,513823,19,8.98
754,754,3,2023-07-08,513437,7,8.98
755,755,2,2022-10-19,464692,26,7.24
756,756,1,2022-01-05,934073,40,13.31
757,757,1,2023-03-12,100265,21,13.31
758,758,2,2023-05-22,815808,13,7.24
759,759,3,2022-10-10,472318,18,8.98
760,760,2,2022-09-25,883574,22,7.24
761,761,1,2023-06-17,1098520,52,13.31
762,762,3,2022-06-02,535161,32,8.98
763,763,2,2023-04-29,988444,33,7.24
764,764,1,2023-02-02,1384806,13,13.31
765,765,1,2022-12-30,1202723,40,13.31
766,766,3,2022-11-28,422439,57,8.98
767,767,2,2022-11-05,468486,21,7.24
768,768,1,2022-04-21,347440,23,13.31
769,769,1,2022-12-04,1565807,30,13.31
770,770,1,2023-07-01,188893,6,13.31
771,771,2,2022-07-25,411692,53,7.24
772,772,3,2022-10-09,810640,18,8.98
773,773,1,2023-10-10,1660204,35,13.31
774,774,2,2022-05-08,109874,37,7.24
775,775,1,2023-12-02,499760,31,13.31
776,776,1,2023-03-16,1114136,15,13.31
777,777,1,2023-02-25,608650,59,13.31
778,778,3,2023-09-08,382644,22,8.98
779,779,2,2023-02-16,1121269,58,7.24
780,780,3,2022-03-22,497728,10,8.98
781,781,1,2023-08-15,1519868,41,13.31
782,782,1,2023-05-30,560084,50,13.31
783,783,3,2023-11-04,230303,25,8.98
784,784,3,2022-05-02,760611,57,8.98
785,785,2,2022-10-19,703452,44,7.24
786,786,2,2022-08-02,554967,60,7.24
787,787,3,2022-10-28,834055,51,8.98
788,788,3,2023-06-07,151280,53,8.98
789,789,3,2023-12-22,294750,26,8.98
790,790,2,2022-02-18,1170994,11,7.24
791,791,1,2022-08-14,1263140,17,13.31
792,792,3,2022-07-25,889764,49,8.98
793,793,3,2023-04-12,106856,41,8.98
794,794,1,2023-05-19,506132,43,13.31
795,795,1,2022-07-17,1347327,14,13.31
796,796,2,2023-05-12,1483923,14,7.24
797,797,1,2022-10-29,303501,47,13.31
798,798,1,2023-09-16,152361,55,13.31
799,799,2,2023-06-11,922860,9,7.24
800,800,1,2022-04-06,521406,8,13.31
801,801,3,2023-01-11,532920,56,8.98
802,802,3,2022-10-14,854039,35,8.98
803,803,1,2023-08-27,570926,58,13.31
804,804,3,2023-07-03,214335,45,8.98
805,805,2,2022-08-31,912045,19,7.24
806,806,3,2023-03-25,570360,51,8.98
807,807,3,2023-06-23,474868,42,8.98
808,808,2,2022-03-09,1296992,55,7.24
809,809,1,2022-01-19,262992,29,13.31
810,810,1,2022-09-11,284453,40,13.31
811,811,1,2022-06-20,1056143,34,13.31
812,812,1,2022-06-10,286252,48,13.31
813,813,1,2022-09-08,153284,29,13.31
814,814,3,2022-06-07,516679,37,8.98
815,815,3,2023-12-08,856986,54,8.98
816,816,1,2022-09-15,576175,57,13.31
817,817,3,2022-01-17,397720,22,8.98
818,818,3,2022-04-12,397214,55,8.98
819,819,3,2022-10-02,317604,60,8.98
820,820,1,2022-06-02,1189905,38,13.31
821,821,2,2023-01-28,284576,42,7.24
822,822,1,2023-10-27,1231324,53,13.31
823,823,2,2022-07-05,371711,33,7.24
824,824,2,2022-01-08,201621,41,7.24
825,825,1,2022-04-27,846521,55,13.31
826,826,3,2023-06-21,624513,35,8.98
827,827,3,2023-02-26,279996,42,8.98
828,828,1,2023-04-16,1032359,12,13.31
829,829,2,2023-06-01,1154080,9,7.24
830,830,3,2022-06-11,203463,13,8.98
831,831,3,2022-12-29,875696,56,8.98
832,832,1,2023-03-31,1325240,56,13.31
833,833,3,2022-04-12,411079,8,8.98
834,834,2,2022-04-13,106830,41,7.24
835,835,3,2023-02-15,607871,30,8.98
836,836,2,2023-07-02,1417989,54,7.24
837,837,3,2022-04-05,862188,51,8.98
838,838,3,2022-08-01,797118,33,8.98
839,839,1,2022-02-13,607765,28,13.31
840,840,2,2022-03-07,901448,35,7.24
841,841,1,2023-12-01,558522,41,13.31
842,842,1,2023-01-14,1100986,21,13.31
843,843,1,2022-05-30,1370661,53,13.31
844,844,3,2022-02-01,463438,39,8.98
845,845,1,2022-07-24,414489,18,13.31
846,846,1,2022-05-17,691361,25,13.31
847,847,1,2022-05-28,1100148,60,13.31
848,848,2,2022-10-12,267052,36,7.24
849,849,1,2022-03-23,256528,12,13.31
850,850,1,2022-11-26,1135342,43,13.31
851,851,2,2022-12-13,945622,36,7.24
852,852,2,2022-10-30,190083,38,7.24
853,853,3,2022-03-28,109068,12,8.98
854,854,2,2023-10-12,582321,45,7.24
855,855,1,2022-01-27,575819,16,13.31
856,856,1,2023-09-13,871850,16,13.31
857,857,3,2022-07-28,677041,51,8.98
858,858,1,2022-08-23,570172,27,13.31
859,859,2,2022-03-17,1504166,58,7.24
860,860,2,2023-05-05,1264857,12,7.24
861,861,1,2023-10-29,1408990,20,13.31
862,862,1,2023-03-08,1593772,22,13.31
863,863,3,2023-01-29,141940,6,8.98
864,864,1,2022-12-29,588928,52,13.31
865,865,2,2022-07-24,972505,7,7.24
866,866,1,2023-12-18,1024469,6,13.31
867,867,3,2023-05-08,773845,58,8.98
868,868,1,2023-12-03,203170,14,13.31
869,869,3,2023-04-23,518383,20,8.98
870,870,2,2023-02-04,1393697,42,7.24
871,871,2,2023-05-05,1012653,10,7.24
872,872,3,2022-02-20,590110,14,8.98
873,873,3,2022-09-17,367016,21,8.98
874,874,3,2023-03-05,129153,43,8.98
875,875,2,2022-03-25,119611,25,7.24
876,876,1,2022-03-28,1193283,59,13.31
877,877,2,2022-05-04,418578,23,7.24
878,878,2,2023-06-30,1329006,37,7.24
879,879,2,2023-08-27,684470,11,7.24
880,880,3,2023-09-25,722621,40,8.98
881,881,2,2022-04-13,492204,56,7.24
882,882,3,2022-09-04,588314,27,8.98
883,883,3,2023-08-25,693656,31,8.98
884,884,1,2023-06-19,946497,10,13.31
885,885,3,2023-12-23,609217,48,8.98
886,886,1,2022-09-19,166009,8,13.31
887,887,1,2022-09-09,633224,36,13.31
888,888,2,2022-08-25,813670,27,7.24
889,889,2,2022-09-26,1232340,35,7.24
890,890,1,2023-06-26,598514,21,13.31
891,891,3,2022-06-01,302291,46,8.98
892,892,3,2022-08-22,565317,21,8.98
893,893,1,2022-03-16,515991,53,13.31
894,894,3,2023-02-14,693789,46,8.98
895,895,2,2023-02-20,700458,36,7.24
896,896,2,2022-06-27,1034461,8,7.24
897,897,3,2022-05-18,660813,58,8.98
898,898,2,2023-10-01,886554,46,7.24
899,899,3,2023-02-12,895416,17,8.98
900,900,3,2022-12-07,202644,18,8.98
901,901,2,2023-03-29,1450896,56,7.24
902,902,3,2022-06-12,831232,27,8.98
903,903,3,2022-06-15,177667,49,8.98
904,904,2,2023-12-18,467697,44,7.24
905,905,3,2023-06-16,133668,37,8.98
906,906,3,2022-03-28,489845,54,8.98
907,907,3,2022-08-14,867345,16,8.98
908,908,1,2022-06-18,1202949,9,13.31
909,909,2,2023-11-17,1042083,12,7.24
910,910,3,2022-03-07,138842,43,8.98
911,911,1,2022-03-09,1613482,25,13.31
912,912,2,2023-08-15,464142,36,7.24
913,913,1,2022-02-28,1457435,34,13.31
914,914,1,2023-11-14,1414759,25,13.31
915,915,3,2023-07-23,375555,21,8.98
916,916,3,2023-06-27,887653,59,8.98
917,917,1,2023-11-01,889988,50,13.31
918,918,3,2023-06-30,396940,7,8.98
919,919,3,2023-10-03,620031,54,8.98
920,920,2,2022-12-11,1060819,50,7.24
921,921,1,2022-07-31,1621858,47,13.31
922,922,3,2023-04-15,699451,42,8.98
923,923,2,2023-02-23,1429720,44,7.24
924,924,2,2022-01-15,1042002,13,7.24
925,925,2,2022-03-20,1292108,27,7.24
926,926,1,2023-07-11,518999,29,13.31
927,927,1,2022-04-12,1448281,28,13.31
928,928,2,2022-08-29,697471,57,7.24
929,929,1,2023-07-11,354549,60,13.31
930,930,2,2022-10-18,896454,52,7.24
931,931,1,2023-04-05,264938,49,13.31
932,932,3,2022-11-20,566871,12,8.98
933,933,3,2023-07-27,304156,21,8.98
934,934,1,2023-06-19,475869,27,13.31
935,935,3,2022-01-23,481591,31,8.98
936,936,2,2022-02-28,1032750,12,7.24
937,937,1,2023-12-25,747134,14,13.31
938,938,3,2022-06-06,100605,39,8.98
939,939,3,2022-06-21,363708,21,8.98
940,940,2,2022-06-22,280977,36,7.24
941,941,1,2022-03-26,1126199,17,13.31
942,942,1,2023-03-31,1402391,38,13.31
943,943,1,2022-03-11,462473,41,13.31
944,944,3,2023-01-20,741123,21,8.98
945,945,3,2022-04-02,506661,32,8.98
946,946,1,2022-04-03,699067,6,13.31
947,947,3,2022-02-26,798266,10,8.98
948,948,2,2023-03-03,681884,60,7.24
949,949,2,2022-09-06,279989,48,7.24
950,950,3,2023-09-12,757718,10,8.98
951,951,1,2022-02-15,1017738,6,13.31
952,952,3,2023-10-16,286645,46,8.98
953,953,2,2022-01-20,1015988,10,7.24
954,954,2,2023-04-05,960275,50,7.24
955,955,2,2022-12-20,845912,56,7.24
956,956,2,2022-01-05,1440683,9,7.24
957,957,2,2023-09-10,469730,32,7.24
958,958,3,2023-05-14,126246,32,8.98
959,959,1,2022-01-30,979261,12,13.31
960,960,2,2022-04-10,1222482,41,7.24
961,961,2,2023-04-02,1052659,25,7.24
962,962,1,2022-04-02,1310133,27,13.31
963,963,2,2023-03-05,969927,50,7.24
964,964,1,2022-05-27,335089,37,13.31
965,965,2,2022-10-16,1079274,27,7.24
966,966,3,2022-10-23,713102,53,8.98
967,967,1,2023-07-17,1360787,10,13.31
968,968,1,2023-08-25,775887,18,13.31
969,969,1,2022-05-25,441289,9,13.31
970,970,3,2023-07-30,204223,60,8.98
971,971,1,2022-11-13,1205665,8,13.31
972,972,1,2023-07-14,1167752,26,13.31
973,973,2,2022-07-26,433701,29,7.24
974,974,1,2022-01-31,112396,23,13.31
975,975,3,2022-08-17,385298,37,8.98
976,976,1,2022-11-20,822388,46,13.31
977,977,3,2023-05-26,357626,56,8.98
978,978,2,2022-01-08,1369066,53,7.24
979,979,1,2023-09-09,1104939,25,13.31
980,980,2,2023-08-29,468673,35,7.24
981,981,3,2022-02-17,769816,22,8.98
982,982,1,2023-02-26,957811,30,13.31
983,983,1,2022-10-17,1165553,52,13.31
984,984,3,2022-11-17,748797,36,8.98
985,985,2,2022-10-26,1466153,44,7.24
986,986,2,2023-07-11,1474154,36,7.24
987,987,1,2023-04-20,1380611,59,13.31
988,988,1,2022-11-11,1111568,12,13.31
989,989,1,2022-11-25,1455571,29,13.31
990,990,3,2022-10-28,121912,28,8.98
991,991,2,2022-12-12,880143,55,7.24
992,992,3,2022-08-26,388356,21,8.98
993,993,2,2023-10-06,170669,30,7.24
994,994,3,2022-12-02,284050,39,8.98
995,995,3,2022-12-10,636474,59,8.98
996,996,1,2022-02-27,1282015,29,13.31
997,997,3,2022-06-30,153575,15,8.98
998,998,3,2022-01-26,696906,30,8.98
999,999,2,2022-09-02,410280,13,7.24
1000,1000,1,2023-09-13,736281,10,13.31
1001,1001,3,2022-02-16,207030,17,8.98
1002,1002,2,2023-04-10,817448,10,7.24
1003,1003,1,2023-02-13,1434872,47,13.31
1004,1004,1,2022-09-04,583565,14,13.31
1005,1005,1,2022-05-10,1117636,42,13.31
1006,1006,1,2022-05-31,1003757,22,13.31
1007,1007,2,2023-01-21,1021388,14,7.24
1008,1008,3,2022-04-12,441156,15,8.98
1009,1009,1,2022-03-05,1222997,32,13.31
1010,1010,1,2022-03-19,684956,58,13.31
1011,1011,2,2023-01-13,663557,9,7.24
1012,1012,3,2023-01-28,111693,11,8.98
1013,1013,3,2022-01-01,781585,41,8.98
1014,1014,3,2022-05-20,332631,16,8.98
1015,1015,2,2023-10-18,249904,58,7.24
1016,1016,1,2022-12-20,200797,31,13.31
1017,1017,1,2022-06-19,843134,56,13.31
1018,1018,3,2023-10-21,157104,34,8.98
1019,1019,3,2022-05-26,565618,22,8.98
1020,1020,2,2023-09-08,1374427,21,7.24
1021,1021,2,2022-10-04,1164224,11,7.24
1022,1022,2,2023-12-10,1416693,13,7.24
1023,1023,1,2022-05-20,1059176,23,13.31
1024,1024,2,2023-04-13,228774,11,7.24
1025,1025,2,2022-07-26,932719,44,7.24
1026,1026,3,2022-06-17,593881,38,8.98
1027,1027,3,2022-12-11,266293,11,8.98
1028,1028,3,2022-02-05,227323,29,8.98
1029,1029,3,2022-06-20,442590,18,8.98
1030,1030,3,2023-08-11,865952,32,8.98
1031,1031,1,2022-12-20,1169887,25,13.31
1032,1032,3,2022-02-19,470855,37,8.98
1033,1033,3,2023-08-20,234829,21,8.98
1034,1034,3,2022-10-01,449120,26,8.98
1035,1035,3,2023-11-19,659620,13,8.98
1036,1036,3,2022-04-16,705503,16,8.98
1037,1037,3,2023-12-02,340305,28,8.98
1038,1038,3,2023-10-12,548630,28,8.98
1039,1039,2,2023-03-19,1177874,40,7.24
1040,1040,3,2022-03-01,105681,44,8.98
1041,1041,3,2023-11-14,639018,11,8.98
1042,1042,3,2022-05-22,308270,17,8.98
1043,1043,3,2023-08-27,678145,31,8.98
1044,1044,2,2022-03-08,308713,18,7.24
1045,1045,3,2023-02-02,696304,44,8.98
1046,1046,1,2023-02-25,949479,51,13.31
1047,1047,3,2022-11-20,369192,19,8.98
1048,1048,3,2023-10-18,824632,21,8.98
1049,1049,3,2023-09-30,578809,48,8.98
1050,1050,3,2022-03-02,669631,47,8.98
1051,1051,2,2023-04-22,1512385,42,7.24
1052,1052,3,2022-01-13,303707,50,8.98
1053,1053,3,2022-02-22,879776,54,8.98
1054,1054,3,2022-09-11,234229,33,8.98
1055,1055,3,2022-03-21,148836,39,8.98
1056,1056,1,2023-12-22,308257,50,13.31
1057,1057,1,2023-03-25,402797,18,13.31
1058,1058,1,2022-10-18,854681,53,13.31
1059,1059,2,2023-05-11,1341462,13,7.24
1060,1060,3,2022-12-22,234988,26,8.98
1061,1061,1,2022-11-30,647970,48,13.31
1062,1062,3,2022-04-06,780169,22,8.98
1063,1063,3,2022-07-14,124754,38,8.98
1064,1064,1,2023-09-17,1279061,8,13.31
1065,1065,2,2023-11-09,409431,17,7.24
1066,1066,1,2023-09-27,1096483,20,13.31
1067,1067,2,2023-07-02,411157,18,7.24
1068,1068,3,2023-07-07,118324,44,8.98
1069,1069,2,2022-03-12,1045593,38,7.24
1070,1070,2,2023-12-03,727307,34,7.24
1071,1071,3,2022-10-11,810595,38,8.98
1072,1072,3,2022-03-17,210646,27,8.98
1073,1073,1,2022-05-13,1158708,33,13.31
1074,1074,2,2023-07-19,905699,16,7.24
1075,1075,3,2022-04-09,781516,10,8.98
1076,1076,1,2023-07-12,647809,45,13.31
1077,1077,2,2022-09-02,408345,55,7.24
1078,1078,1,2023-12-15,1243713,22,13.31
1079,1079,1,2023-06-05,1477236,9,13.31
1080,1080,1,2022-04-17,382622,35,13.31
1081,1081,1,2023-10-17,118348,60,13.31
1082,1082,2,2023-08-01,1311966,42,7.24
1083,1083,1,2023-03-14,400229,31,13.31
1084,1084,3,2023-04-24,705808,44,8.98
1085,1085,2,2022-08-30,164000,6,7.24
1086,1086,2,2023-12-06,100449,54,7.24
1087,1087,2,2023-04-01,962956,8,7.24
1088,1088,2,2023-05-29,435021,57,7.24
1089,1089,1,2023-05-06,1368818,6,13.31
1090,1090,1,2023-09-19,1701684,53,13.31
1091,1091,1,2023-04-02,210492,55,13.31
1092,1092,3,2023-08-26,481010,29,8.98
1093,1093,2,2023-09-14,1501586,7,7.24
1094,1094,3,2022-07-04,717068,37,8.98
1095,1095,1,2023-07-31,1638548,43,13.31
1096,1096,3,2023-03-19,793672,13,8.98
1097,1097,3,2022-11-07,399037,24,8.98
1098,1098,2,2023-04-28,871809,16,7.24
1099,1099,3,2023-07-15,665038,42,8.98
1100,1100,1,2022-08-14,987761,12,13.31
1101,1101,1,2022-09-29,540620,49,13.31
1102,1102,3,2023-02-02,300310,50,8.98
1103,1103,2,2022-07-17,1346918,56,7.24
1104,1104,3,2023-08-11,231433,23,8.98
1105,1105,1,2022-10-12,874576,28,13.31
1106,1106,2,2023-07-24,1336398,57,7.24
1107,1107,2,2023-09-22,602915,50,7.24
1108,1108,1,2022-10-01,465966,13,13.31
1109,1109,2,2022-12-10,200933,35,7.24
1110,1110,3,2023-12-06,151540,44,8.98
1111,1111,2,2022-05-02,846051,47,7.24
1112,1112,1,2022-12-13,1315104,19,13.31
1113,1113,1,2023-07-29,1516627,30,13.31
1114,1114,2,2022-08-10,742278,17,7.24
1115,1115,3,2022-01-30,777393,35,8.98
1116,1116,3,2022-09-18,730713,34,8.98
1117,1117,2,2023-08-06,630013,45,7.24
1118,1118,2,2023-02-13,213210,29,7.24
1119,1119,1,2023-08-13,698181,25,13.31
1120,1120,1,2022-05-30,266645,52,13.31
1121,1121,1,2023-05-29,278574,38,13.31
1122,1122,1,2023-03-23,475789,11,13.31
1123,1123,3,2022-05-09,731151,50,8.98
1124,1124,3,2022-10-18,767404,37,8.98
1125,1125,1,2023-02-13,484801,31,13.31
1126,1126,3,2023-10-02,397108,36,8.98
1127,1127,2,2023-10-05,273602,15,7.24
1128,1128,3,2023-01-18,231177,57,8.98
1129,1129,1,2022-08-16,1502047,56,13.31
1130,1130,1,2023-03-04,155517,21,13.31
1131,1131,3,2023-03-14,343429,60,8.98
1132,1132,2,2022-08-03,1450728,46,7.24
1133,1133,3,2023-12-19,629366,44,8.98
1134,1134,3,2023-02-14,481780,8,8.98
1135,1135,2,2022-11-17,1397928,36,7.24
1136,1136,1,2023-10-14,726103,12,13.31
1137,1137,1,2022-07-07,1083073,33,13.31
1138,1138,2,2023-08-20,808633,31,7.24
1139,1139,2,2023-02-01,1136050,57,7.24
1140,1140,2,2022-01-02,632149,10,7.24
1141,1141,2,2022-01-24,936870,60,7.24
1142,1142,3,2022-09-15,603329,14,8.98
1143,1143,2,2023-10-03,500754,52,7.24
1144,1144,1,2023-02-14,1405620,24,13.31
1145,1145,1,2022-05-17,1643498,25,13.31
1146,1146,2,2023-03-26,1500299,53,7.24
1147,1147,1,2022-12-20,1350181,49,13.31
1148,1148,2,2023-12-12,1141233,48,7.24
1149,1149,1,2023-10-15,1707463,44,13.31
1150,1150,2,2022-05-25,387891,26,7.24
1151,1151,2,2022-10-18,1244703,53,7.24
1152,1152,2,2023-08-24,406060,24,7.24
1153,1153,2,2022-11-20,1496039,58,7.24
1154,1154,1,2023-03-10,325369,16,13.31
1155,1155,3,2022-08-02,396849,19,8.98
1156,1156,2,2022-10-06,998556,59,7.24
1157,1157,3,2022-07-09,102825,24,8.98
1158,1158,2,2023-11-04,1480870,50,7.24
1159,1159,3,2022-05-14,392358,21,8.98
1160,1160,1,2022-02-16,826588,50,13.31
1161,1161,1,2022-04-06,341584,21,13.31
1162,1162,2,2023-02-26,252936,15,7.24
1163,1163,2,2022-07-15,218447,25,7.24
1164,1164,1,2022-09-01,1323906,51,13.31
1165,1165,1,2022-10-15,655727,52,13.31
1166,1166,2,2023-09-19,901878,52,7.24
1167,1167,1,2023-12-20,396772,23,13.31
1168,1168,3,2022-06-21,471982,47,8.98
1169,1169,1,2023-04-09,193163,9,13.31
1170,1170,2,2023-07-25,471693,32,7.24
1171,1171,3,2022-07-22,304482,46,8.98
1172,1172,1,2023-07-13,476550,27,13.31
1173,1173,2,2022-04-26,1011732,15,7.24
1174,1174,2,2023-01-27,712201,7,7.24
1175,1175,3,2022-05-07,471032,7,8.98
1176,1176,3,2022-08-01,411464,60,8.98
1177,1177,3,2023-11-08,420187,58,8.98
1178,1178,1,2022-03-12,1420910,18,13.31
1179,1179,1,2023-11-30,232839,8,13.31
1180,1180,2,2022-12-24,1438976,18,7.24
1181,1181,1,2022-07-06,825778,52,13.31
1182,1182,3,2022-08-12,387365,18,8.98
1183,1183,3,2022-03-07,782358,53,8.98
1184,1184,3,2022-02-07,491668,23,8.98
1185,1185,2,2023-09-25,810931,16,7.24
1186,1186,3,2022-02-13,823456,40,8.98
1187,1187,3,2023-01-16,260212,6,8.98
1188,1188,3,2022-03-11,389439,55,8.98
1189,1189,1,2022-03-25,1338626,24,13.31
1190,1190,1,2023-07-18,388496,15,13.31
1191,1191,1,2022-09-26,384229,50,13.31
1192,1192,3,2023-03-31,849809,12,8.98
1193,1193,3,2022-10-24,596099,32,8.98
1194,1194,1,2022-02-07,768697,11,13.31
1195,1195,1,2023-10-22,118667,45,13.31
1196,1196,3,2023-10-24,382851,32,8.98
1197,1197,1,2022-05-18,1286784,20,13.31
1198,1198,3,2022-05-01,387399,22,8.98
1199,1199,1,2023-08-14,972320,38,13.31
1200,1200,1,2022-01-23,1216499,18,13.31
1201,1201,5,2023-01-27,264881,26,7.51
1202,1202,4,2023-06-26,5902415,40,8.77
1203,1203,5,2023-03-30,757291,15,7.51
1204,1204,4,2023-03-09,7519219,37,8.77
1205,1205,4,2022-08-29,6489599,49,8.77
1206,1206,4,2023-01-14,3111538,44,8.77
1207,1207,4,2023-03-12,5162081,55,8.77
1208,1208,5,2023-06-07,1377212,43,7.51
1209,1209,4,2023-02-27,3185633,8,8.77
1210,1210,4,2022-09-27,2704219,51,8.77
1211,1211,5,2022-04-17,638042,38,7.51
1212,1212,5,2022-05-07,1194421,40,7.51
1213,1213,5,2023-02-12,1442939,34,7.51
1214,1214,5,2023-12-01,1246704,15,7.51
1215,1215,5,2023-08-25,1624412,46,7.51
1216,1216,5,2022-05-13,2030889,58,7.51
1217,1217,4,2022-07-10,2917348,18,8.77
1218,1218,5,2023-09-10,1967938,57,7.51
1219,1219,4,2022-06-10,6797078,22,8.77
1220,1220,5,2023-09-27,1857933,8,7.51
1221,1221,4,2022-06-03,7612570,57,8.77
1222,1222,5,2022-04-02,1925841,40,7.51
1223,1223,4,2022-05-31,2345512,37,8.77
1224,1224,4,2022-07-01,4727780,48,8.77
1225,1225,5,2022-11-22,2122830,39,7.51
1226,1226,4,2023-04-03,9534768,41,8.77
1227,1227,5,2023-09-29,1277112,19,7.51
1228,1228,4,2022-02-05,2211797,6,8.77
1229,1229,5,2022-09-03,1631839,50,7.51
1230,1230,4,2023-08-12,9341551,13,8.77
1231,1231,4,2023-12-09,6140554,22,8.77
1232,1232,5,2022-03-03,1620856,57,7.51
1233,1233,4,2023-01-15,8042732,20,8.77
1234,1234,4,2022-08-27,4995485,33,8.77
1235,1235,5,2023-04-05,615845,42,7.51
1236,1236,5,2023-09-24,1372375,38,7.51
1237,1237,5,2023-02-10,277585,45,7.51
1238,1238,5,2023-09-09,1889279,29,7.51
1239,1239,5,2023-02-08,523956,51,7.51
1240,1240,4,2023-05-09,5165541,31,8.77
1241,1241,5,2022-07-26,414656,34,7.51
1242,1242,5,2022-08-08,2051351,58,7.51
1243,1243,4,2023-12-27,1149086,43,8.77
1244,1244,5,2023-07-30,1639549,29,7.51
1245,1245,5,2022-04-03,2089018,50,7.51
1246,1246,5,2023-01-08,1700223,52,7.51
1247,1247,5,2022-12-29,1262201,8,7.51
1248,1248,4,2023-01-11,7752358,54,8.77
1249,1249,5,2023-09-12,1484883,58,7.51
1250,1250,4,2023-08-24,9397221,38,8.77
1251,1251,4,2023-10-02,4385750,58,8.77
1252,1252,4,2022-10-30,3406411,11,8.77
1253,1253,5,2022-01-22,663988,6,7.51
1254,1254,5,2023-12-14,2103013,24,7.51
1255,1255,4,2022-01-19,7063596,10,8.77
1256,1256,5,2023-08-12,1464974,9,7.51
1257,1257,4,2023-08-30,5211460,30,8.77
1258,1258,5,2023-05-11,2109530,18,7.51
1259,1259,4,2023-02-23,7481150,15,8.77
1260,1260,4,2023-02-25,1979505,30,8.77
1261,1261,4,2022-09-09,629527,13,8.77
1262,1262,4,2022-02-09,4435194,21,8.77
1263,1263,5,2022-05-06,1679529,20,7.51
1264,1264,5,2023-03-23,982262,28,7.51
1265,1265,4,2023-08-31,2277329,7,8.77
1266,1266,5,2023-12-17,1874367,20,7.51
1267,1267,5,2022-09-03,1432216,9,7.51
1268,1268,5,2022-11-10,1648786,36,7.51
1269,1269,5,2022-04-25,794317,32,7.51
1270,1270,5,2022-01-11,1634978,26,7.51
1271,1271,4,2023-07-23,6303019,45,8.77
1272,1272,4,2023-12-10,210563,50,8.77
1273,1273,4,2022-10-25,3396670,54,8.77
1274,1274,4,2023-06-13,5285752,21,8.77
1275,1275,4,2023-07-14,1910130,43,8.77
1276,1276,5,2022-03-31,2058631,51,7.51
1277,1277,5,2023-04-14,879088,8,7.51
1278,1278,5,2022-12-08,1861992,27,7.51
1279,1279,4,2022-05-23,1882343,34,8.77
1280,1280,5,2022-07-27,1140669,37,7.51
1281,1281,4,2022-07-19,3385785,21,8.77
1282,1282,4,2022-08-16,3605551,16,8.77
1283,1283,4,2023-10-31,5642737,51,8.77
1284,1284,4,2023-04-07,6792040,11,8.77
1285,1285,4,2023-03-28,2631924,19,8.77
1286,1286,4,2022-08-12,6384616,15,8.77
1287,1287,4,2022-11-25,1793837,52,8.77
1288,1288,5,2022-09-03,1634236,32,7.51
1289,1289,5,2023-12-21,2032664,10,7.51
1290,1290,4,2023-08-19,3890073,48,8.77
1291,1291,5,2023-06-03,303336,46,7.51
1292,1292,5,2023-03-02,253338,56,7.51
1293,1293,4,2023-11-11,9408572,9,8.77
1294,1294,5,2023-04-30,757712,30,7.51
1295,1295,5,2023-11-15,1606191,21,7.51
1296,1296,4,2022-06-13,1505132,28,8.77
1297,1297,4,2023-09-19,3974569,43,8.77
1298,1298,4,2022-10-26,8464563,12,8.77
1299,1299,4,2022-04-06,7863309,42,8.77
1300,1300,5,2022-07-15,859276,6,7.51
1301,1301,4,2023-04-24,8487173,60,8.77
1302,1302,5,2022-08-21,1734121,6,7.51
1303,1303,5,2022-01-07,1506017,12,7.51
1304,1304,5,2022-06-26,1542802,23,7.51
1305,1305,5,2023-10-21,606024,55,7.51
1306,1306,4,2023-07-17,4330975,21,8.77
1307,1307,5,2023-08-17,1857832,7,7.51
1308,1308,5,2023-05-02,323002,36,7.51
1309,1309,4,2023-01-14,2532585,24,8.77
1310,1310,4,2023-05-05,649598,60,8.77
1311,1311,5,2022-05-14,339795,14,7.51
1312,1312,4,2023-08-22,8077165,28,8.77
1313,1313,4,2023-10-16,7534194,36,8.77
1314,1314,4,2022-01-13,7751084,13,8.77
1315,1315,5,2022-10-13,675908,43,7.51
1316,1316,5,2022-04-12,1516117,39,7.51
1317,1317,4,2022-11-12,7239112,51,8.77
1318,1318,5,2022-06-02,416475,21,7.51
1319,1319,5,2022-01-31,1076513,45,7.51
1320,1320,4,2022-08-06,5183653,27,8.77
1321,1321,4,2023-12-07,7195714,28,8.77
1322,1322,4,2022-01-26,400474,55,8.77
1323,1323,5,2022-10-09,1944569,52,7.51
1324,1324,4,2022-01-23,2459189,18,8.77
1325,1325,4,2022-03-27,7441834,41,8.77
1326,1326,4,2023-04-24,4790211,48,8.77
1327,1327,4,2023-03-05,1835165,30,8.77
1328,1328,5,2022-11-02,399838,57,7.51
1329,1329,5,2022-05-16,2079201,6,7.51
1330,1330,5,2022-04-24,1005501,44,7.51
1331,1331,5,2023-09-11,1846100,20,7.51
1332,1332,5,2023-07-13,1900897,10,7.51
1333,1333,5,2022-07-12,1751658,13,7.51
1334,1334,5,2023-02-04,635214,56,7.51
1335,1335,5,2023-03-05,960431,25,7.51
1336,1336,4,2022-05-12,3159900,46,8.77
1337,1337,5,2022-11-03,1118407,28,7.51
1338,1338,5,2023-02-16,563347,35,7.51
1339,1339,5,2022-09-10,1822546,17,7.51
1340,1340,4,2023-04-18,6119684,41,8.77
1341,1341,5,2023-09-07,1546927,22,7.51
1342,1342,5,2022-08-07,1466788,59,7.51
1343,1343,4,2023-04-23,2907390,44,8.77
1344,1344,5,2022-06-29,350928,31,7.51
1345,1345,5,2023-07-23,1175464,12,7.51
1346,1346,4,2023-08-12,2958162,40,8.77
1347,1347,5,2022-11-25,140221,20,7.51
1348,1348,4,2023-09-05,8743907,35,8.77
1349,1349,5,2023-08-12,487878,16,7.51
1350,1350,4,2022-06-03,1253752,7,8.77
1351,1351,5,2022-12-22,933327,13,7.51
1352,1352,5,2022-08-10,121673,60,7.51
1353,1353,4,2022-07-05,3023540,44,8.77
1354,1354,5,2022-03-22,1424184,37,7.51
1355,1355,4,2022-10-31,798569,24,8.77
1356,1356,5,2022-06-21,198611,23,7.51
1357,1357,4,2023-01-27,6931250,27,8.77
1358,1358,4,2022-03-11,2765708,59,8.77
1359,1359,5,2022-07-18,929077,34,7.51
1360,1360,5,2023-01-23,995932,29,7.51
1361,1361,5,2022-12-04,111487,30,7.51
1362,1362,4,2023-09-21,8583800,12,8.77
1363,1363,4,2022-08-26,7525486,12,8.77
1364,1364,5,2023-06-02,1577624,35,7.51
1365,1365,4,2023-10-02,1008521,18,8.77
1366,1366,4,2022-06-16,4841843,36,8.77
1367,1367,4,2022-04-02,717206,20,8.77
1368,1368,5,2023-09-16,1201891,16,7.51
1369,1369,5,2023-09-30,1417424,26,7.51
1370,1370,5,2022-01-13,1766312,8,7.51
1371,1371,4,2022-07-27,8222933,19,8.77
1372,1372,4,2023-07-16,1946891,40,8.77
1373,1373,4,2023-05-04,5908810,22,8.77
1374,1374,4,2023-09-22,5924633,22,8.77
1375,1375,5,2023-02-12,683764,39,7.51
1376,1376,5,2022-03-11,1718132,15,7.51
1377,1377,5,2023-03-21,850025,51,7.51
1378,1378,5,2022-10-03,795563,8,7.51
1379,1379,4,2023-02-14,6820492,29,8.77
1380,1380,4,2022-05-02,3339423,48,8.77
1381,1381,4,2022-01-05,8278393,30,8.77
1382,1382,5,2023-05-30,642375,33,7.51
1383,1383,4,2023-12-15,6097163,37,8.77
1384,1384,5,2022-12-23,1989435,16,7.51
1385,1385,4,2023-05-22,181045,35,8.77
1386,1386,5,2022-04-11,233157,12,7.51
1387,1387,4,2022-08-03,1969100,48,8.77
1388,1388,5,2022-03-04,1886659,40,7.51
1389,1389,5,2022-06-12,1133544,7,7.51
1390,1390,4,2022-01-08,396234,22,8.77
1391,1391,5,2022-12-05,1209283,20,7.51
1392,1392,4,2022-03-02,5272499,18,8.77
1393,1393,4,2023-02-04,9122823,29,8.77
1394,1394,5,2022-03-03,890927,56,7.51
1395,1395,4,2022-04-21,8209082,59,8.77
1396,1396,5,2022-08-07,633744,26,7.51
1397,1397,5,2022-09-12,1413025,8,7.51
1398,1398,4,2023-12-06,8552423,20,8.77
1399,1399,4,2023-10-23,195985,46,8.77
1400,1400,4,2023-01-29,9298411,19,8.77
1401,1401,4,2023-07-07,8139712,49,8.77
1402,1402,5,2023-09-12,220818,50,7.51
1403,1403,4,2023-01-16,8423764,40,8.77
1404,1404,5,2022-03-18,239706,56,7.51
1405,1405,5,2022-05-18,1627664,15,7.51
1406,1406,5,2022-01-17,311336,7,7.51
1407,1407,5,2023-01-29,186264,48,7.51
1408,1408,4,2023-07-14,8142035,11,8.77
1409,1409,5,2022-06-30,1585532,53,7.51
1410,1410,5,2022-10-04,827810,36,7.51
1411,1411,5,2022-05-24,700063,18,7.51
1412,1412,5,2023-03-31,1546278,35,7.51
1413,1413,4,2023-04-21,8884380,36,8.77
1414,1414,5,2022-10-26,1165945,30,7.51
1415,1415,5,2022-05-10,557233,28,7.51
1416,1416,4,2023-11-20,3246879,22,8.77
1417,1417,4,2022-11-08,3340923,23,8.77
1418,1418,4,2022-04-29,5833454,10,8.77
1419,1419,4,2022-09-12,9440462,6,8.77
1420,1420,4,2022-03-27,7836791,30,8.77
1421,1421,5,2022-09-18,1827758,47,7.51
1422,1422,5,2023-05-11,439137,56,7.51
1423,1423,4,2023-06-27,8694701,44,8.77
1424,1424,4,2023-09-02,7930956,41,8.77
1425,1425,5,2022-09-02,697168,59,7.51
1426,1426,5,2023-11-16,274589,23,7.51
1427,1427,4,2022-05-07,1602861,25,8.77
1428,1428,4,2022-07-19,6822287,51,8.77
1429,1429,5,2022-07-21,1889533,35,7.51
1430,1430,5,2023-10-22,345911,24,7.51
1431,1431,5,2023-02-12,268387,23,7.51
1432,1432,4,2023-04-09,6582917,49,8.77
1433,1433,5,2023-02-28,957762,10,7.51
1434,1434,5,2022-05-06,1377730,19,7.51
1435,1435,5,2022-04-13,1524558,40,7.51
1436,1436,5,2023-06-02,1845323,45,7.51
1437,1437,5,2022-07-14,1250796,40,7.51
1438,1438,4,2022-07-21,9011536,16,8.77
1439,1439,4,2023-05-22,3142186,26,8.77
1440,1440,5,2023-05-14,1224995,35,7.51
1441,1441,4,2022-08-02,5501857,32,8.77
1442,1442,5,2022-01-25,625311,42,7.51
1443,1443,5,2022-07-16,2112354,48,7.51
1444,1444,4,2023-09-24,2058616,21,8.77
1445,1445,5,2022-08-01,152696,11,7.51
1446,1446,5,2023-07-08,891031,26,7.51
1447,1447,5,2023-07-07,1381773,48,7.51
1448,1448,4,2022-02-15,5074394,53,8.77
1449,1449,5,2023-01-18,1789313,43,7.51
1450,1450,4,2023-04-19,7442722,20,8.77
1451,1451,5,2023-12-19,475049,8,7.51
1452,1452,5,2023-04-13,111562,29,7.51
1453,1453,5,2022-12-09,1266427,36,7.51
1454,1454,5,2022-08-20,213279,60,7.51
1455,1455,5,2022-03-08,1219245,17,7.51
1456,1456,5,2022-06-28,1141504,42,7.51
1457,1457,5,2023-02-13,957664,34,7.51
1458,1458,4,2023-07-05,129917,25,8.77
1459,1459,4,2023-09-25,9471185,30,8.77
1460,1460,5,2022-04-10,943694,54,7.51
1461,1461,4,2022-05-16,6461672,58,8.77
1462,1462,4,2023-09-05,6008968,39,8.77
1463,1463,5,2023-03-24,1011391,49,7.51
1464,1464,5,2023-01-22,353592,17,7.51
1465,1465,5,2022-04-25,1064900,54,7.51
1466,1466,5,2022-09-13,1790494,9,7.51
1467,1467,5,2023-03-02,873685,20,7.51
1468,1468,4,2022-08-04,6089970,16,8.77
1469,1469,5,2022-09-28,978348,16,7.51
1470,1470,4,2022-06-28,3705747,30,8.77
1471,1471,4,2023-01-10,8148909,6,8.77
1472,1472,5,2022-02-05,1476211,43,7.51
1473,1473,5,2022-02-11,2065417,57,7.51
1474,1474,4,2023-11-06,344044,24,8.77
1475,1475,5,2023-10-16,685276,16,7.51
1476,1476,5,2023-02-01,239251,29,7.51
1477,1477,4,2022-09-19,679113,27,8.77
1478,1478,4,2022-02-06,3714180,60,8.77
1479,1479,4,2023-01-23,2242307,48,8.77
1480,1480,4,2022-04-10,7292418,39,8.77
1481,1481,4,2023-12-17,5384450,19,8.77
1482,1482,5,2023-05-30,909553,35,7.51
1483,1483,4,2022-09-09,2494726,29,8.77
1484,1484,5,2022-02-12,920617,36,7.51
1485,1485,4,2023-08-16,920472,59,8.77
1486,1486,5,2023-12-17,2018424,53,7.51
1487,1487,4,2022-05-04,1819013,31,8.77
1488,1488,5,2023-08-19,1803858,26,7.51
1489,1489,4,2023-05-07,322659,17,8.77
1490,1490,5,2022-02-10,220146,30,7.51
1491,1491,5,2023-11-05,173186,45,7.51
1492,1492,5,2023-05-26,1423131,24,7.51
1493,1493,4,2022-07-19,1327267,42,8.77
1494,1494,5,2022-12-29,1417279,34,7.51
1495,1495,5,2022-04-20,1480123,56,7.51
1496,1496,5,2023-08-29,1650940,45,7.51
1497,1497,5,2022-01-05,1879346,12,7.51
1498,1498,5,2023-05-17,2117111,59,7.51
1499,1499,4,2023-05-09,6162213,27,8.77
1500,1500,4,2023-04-11,3719623,14,8.77
1501,1501,4,2022-01-21,7960155,27,8.77
1502,1502,4,2022-03-30,3171888,17,8.77
1503,1503,4,2022-09-18,3154797,35,8.77
1504,1504,4,2022-02-27,7097743,59,8.77
1505,1505,4,2022-10-28,7784908,56,8.77
1506,1506,4,2022-09-04,2320649,8,8.77
1507,1507,5,2022-08-21,1244575,20,7.51
1508,1508,5,2023-02-02,248148,50,7.51
1509,1509,5,2023-02-07,1021038,20,7.51
1510,1510,5,2023-09-14,1779559,48,7.51
1511,1511,4,2022-06-11,6982217,36,8.77
1512,1512,4,2022-01-01,5514873,33,8.77
1513,1513,5,2023-07-02,1984142,35,7.51
1514,1514,4,2022-12-23,1448389,34,8.77
1515,1515,5,2023-01-31,472480,41,7.51
1516,1516,5,2023-12-02,1081475,34,7.51
1517,1517,5,2023-09-22,1786751,21,7.51
1518,1518,4,2023-11-08,1603011,33,8.77
1519,1519,4,2023-12-28,8074430,59,8.77
1520,1520,4,2023-01-08,1184815,40,8.77
1521,1521,5,2023-12-05,1582876,21,7.51
1522,1522,4,2022-04-01,7122908,53,8.77
1523,1523,5,2023-01-20,709301,26,7.51
1524,1524,4,2022-12-03,8174023,47,8.77
1525,1525,4,2023-02-28,1745990,34,8.77
1526,1526,5,2022-06-25,635325,22,7.51
1527,1527,5,2022-08-12,451366,21,7.51
1528,1528,5,2022-12-09,1151310,52,7.51
1529,1529,5,2022-12-19,1299004,24,7.51
1530,1530,4,2023-05-22,9157788,31,8.77
1531,1531,4,2022-01-20,4501051,11,8.77
1532,1532,5,2022-02-02,1225365,50,7.51
1533,1533,4,2023-05-08,5286286,30,8.77
1534,1534,5,2022-11-23,163837,33,7.51
1535,1535,5,2022-08-17,870797,46,7.51
1536,1536,4,2023-01-26,2988348,54,8.77
1537,1537,5,2022-05-14,377863,31,7.51
1538,1538,5,2023-10-23,1433428,54,7.51
1539,1539,5,2022-06-28,519641,38,7.51
1540,1540,5,2022-06-13,1216357,46,7.51
1541,1541,4,2022-08-29,3079152,50,8.77
1542,1542,5,2023-04-17,1093859,9,7.51
1543,1543,4,2022-04-24,6432838,16,8.77
1544,1544,5,2022-02-09,927624,32,7.51
1545,1545,4,2022-08-07,9306490,16,8.77
1546,1546,4,2023-06-25,4521664,28,8.77
1547,1547,5,2022-07-22,1667900,34,7.51
1548,1548,5,2022-07-15,1323384,46,7.51
1549,1549,5,2023-08-31,1142715,11,7.51
1550,1550,4,2023-11-27,8224796,7,8.77
1551,1551,5,2023-09-12,747697,11,7.51
1552,1552,5,2023-01-17,1741273,36,7.51
1553,1553,5,2022-10-24,1115891,14,7.51
1554,1554,5,2023-04-22,1262513,38,7.51
1555,1555,4,2022-07-17,3832732,57,8.77
1556,1556,5,2023-02-02,1522609,14,7.51
1557,1557,5,2023-10-12,1615007,17,7.51
1558,1558,4,2023-12-26,6195546,59,8.77
1559,1559,4,2023-12-04,5991832,39,8.77
1560,1560,5,2023-08-18,1329994,6,7.51
1561,1561,5,2022-09-02,1377944,46,7.51
1562,1562,4,2022-06-29,5768869,59,8.77
1563,1563,4,2022-06-01,225892,43,8.77
1564,1564,5,2022-09-19,1261902,35,7.51
1565,1565,5,2023-11-27,172433,7,7.51
1566,1566,5,2022-02-09,331845,32,7.51
1567,1567,4,2022-01-09,6464877,9,8.77
1568,1568,4,2022-01-24,2566231,22,8.77
1569,1569,4,2022-06-26,634639,48,8.77
1570,1570,5,2022-12-11,121618,42,7.51
1571,1571,5,2022-11-24,431660,43,7.51
1572,1572,5,2023-01-30,963367,37,7.51
1573,1573,4,2022-12-10,1283511,15,8.77
1574,1574,5,2023-09-15,1202332,12,7.51
1575,1575,5,2023-11-08,1827991,60,7.51
1576,1576,5,2023-11-03,1681867,38,7.51
1577,1577,5,2023-08-23,1196470,27,7.51
1578,1578,5,2022-05-16,761438,50,7.51
1579,1579,5,2023-03-06,2037996,33,7.51
1580,1580,5,2023-03-20,1748581,46,7.51
1581,1581,4,2023-11-05,6320212,54,8.77
1582,1582,5,2023-08-27,1261096,13,7.51
1583,1583,5,2023-02-21,2061753,13,7.51
1584,1584,5,2022-10-14,243465,49,7.51
1585,1585,4,2023-06-30,352139,13,8.77
1586,1586,5,2023-12-23,663656,30,7.51
1587,1587,5,2022-10-11,1112041,34,7.51
1588,1588,5,2023-02-02,1847328,50,7.51
1589,1589,4,2022-02-21,8443170,39,8.77
1590,1590,5,2023-11-04,871514,23,7.51
1591,1591,5,2022-10-03,1280160,26,7.51
1592,1592,4,2022-03-25,5042873,19,8.77
1593,1593,4,2023-09-05,2100305,8,8.77
1594,1594,5,2023-02-11,346131,18,7.51
1595,1595,5,2023-03-20,1639057,21,7.51
1596,1596,4,2023-04-16,3122614,27,8.77
1597,1597,4,2022-01-01,7467419,42,8.77
1598,1598,4,2022-02-05,2565184,38,8.77
1599,1599,5,2023-06-16,2099992,33,7.51
1600,1600,5,2022-12-16,837559,23,7.51
1601,1601,5,2023-08-22,123578,55,7.51
1602,1602,5,2023-10-01,213159,35,7.51
1603,1603,4,2022-10-20,8398857,11,8.77
1604,1604,4,2023-12-22,2338673,11,8.77
1605,1605,4,2022-03-18,6314724,32,8.77
1606,1606,5,2022-04-21,1372159,44,7.51
1607,1607,4,2022-11-10,6527405,46,8.77
1608,1608,4,2022-03-18,2412583,24,8.77
1609,1609,4,2023-01-16,6884057,29,8.77
1610,1610,4,2023-02-28,4307704,15,8.77
1611,1611,4,2022-06-02,4861267,31,8.77
1612,1612,5,2022-08-19,621469,40,7.51
1613,1613,5,2023-10-01,379933,53,7.51
1614,1614,5,2023-03-22,752991,10,7.51
1615,1615,5,2022-02-01,1425800,27,7.51
1616,1616,4,2023-03-14,6916577,25,8.77
1617,1617,4,2022-08-21,7597988,40,8.77
1618,1618,5,2022-12-29,869720,57,7.51
1619,1619,5,2023-11-11,259211,38,7.51
1620,1620,5,2022-02-22,1441081,38,7.51
1621,1621,4,2023-05-20,1809900,54,8.77
1622,1622,5,2023-05-09,1581465,16,7.51
1623,1623,4,2022-05-11,7980807,54,8.77
1624,1624,5,2023-05-13,1927376,36,7.51
1625,1625,4,2023-01-30,1120318,47,8.77
1626,1626,5,2023-04-13,1143533,20,7.51
1627,1627,4,2022-08-25,8725985,8,8.77
1628,1628,4,2023-02-14,6833508,13,8.77
1629,1629,5,2023-06-07,286616,59,7.51
1630,1630,4,2022-06-15,9217922,8,8.77
1631,1631,5,2022-10-07,1172885,7,7.51
1632,1632,4,2023-06-15,2171330,50,8.77
1633,1633,5,2022-11-27,793379,40,7.51
1634,1634,5,2022-07-14,581483,31,7.51
1635,1635,5,2023-06-11,1942759,49,7.51
1636,1636,4,2022-01-04,5892431,15,8.77
1637,1637,4,2022-02-13,6869155,54,8.77
1638,1638,5,2022-05-31,1930205,53,7.51
1639,1639,5,2022-06-03,1268294,45,7.51
1640,1640,4,2022-12-15,6182434,31,8.77
1641,1641,4,2023-08-14,3728674,7,8.77
1642,1642,4,2022-08-31,8665958,48,8.77
1643,1643,5,2022-12-28,1591467,44,7.51
1644,1644,5,2022-05-11,332163,52,7.51
1645,1645,5,2023-03-31,705480,23,7.51
1646,1646,4,2023-06-26,6007645,27,8.77
1647,1647,5,2023-12-09,323279,15,7.51
1648,1648,4,2022-01-03,2131214,27,8.77
1649,1649,5,2023-07-12,1326352,51,7.51
1650,1650,5,2023-08-17,1863352,23,7.51
1651,1651,4,2022-11-07,7447911,17,8.77
1652,1652,4,2023-05-19,440320,23,8.77
1653,1653,4,2023-12-14,5708026,47,8.77
1654,1654,4,2023-06-21,7967148,59,8.77
1655,1655,4,2022-12-30,5987921,6,8.77
1656,1656,5,2022-05-23,617919,57,7.51
1657,1657,4,2022-12-16,5565003,12,8.77
1658,1658,4,2023-06-05,6189015,9,8.77
1659,1659,5,2022-10-07,504859,56,7.51
1660,1660,4,2022-10-25,6847802,23,8.77
1661,1661,4,2022-03-16,1587286,15,8.77
1662,1662,4,2023-07-25,8511021,24,8.77
1663,1663,5,2022-07-08,671255,49,7.51
1664,1664,5,2023-02-16,273572,24,7.51
1665,1665,5,2022-10-10,1968248,15,7.51
1666,1666,4,2022-01-11,2708489,56,8.77
1667,1667,4,2022-08-14,5280632,24,8.77
1668,1668,4,2022-10-11,8363392,28,8.77
1669,1669,4,2023-09-13,4825212,12,8.77
1670,1670,4,2023-04-07,3790844,48,8.77
1671,1671,5,2022-11-07,1901848,56,7.51
1672,1672,5,2023-04-02,878277,35,7.51
1673,1673,5,2023-04-17,1691753,50,7.51
1674,1674,5,2022-05-01,534800,8,7.51
1675,1675,5,2023-10-17,1711007,36,7.51
1676,1676,5,2022-07-19,1394540,20,7.51
1677,1677,4,2023-08-12,7385769,25,8.77
1678,1678,5,2023-11-10,230094,55,7.51
1679,1679,4,2022-11-26,1312496,40,8.77
1680,1680,4,2023-01-29,4518640,40,8.77
1681,1681,4,2022-09-07,9364919,43,8.77
1682,1682,4,2023-07-06,5927169,26,8.77
1683,1683,5,2022-05-15,1793767,44,7.51
1684,1684,5,2022-08-21,1906261,53,7.51
1685,1685,4,2023-07-14,5413619,8,8.77
1686,1686,4,2022-04-15,3939524,34,8.77
1687,1687,4,2023-12-17,5374242,12,8.77
1688,1688,4,2023-09-18,6729315,44,8.77
1689,1689,4,2022-02-07,1548148,11,8.77
1690,1690,4,2022-08-10,7838157,14,8.77
1691,1691,4,2023-12-12,3003196,24,8.77
1692,1692,4,2022-05-13,9495208,57,8.77
1693,1693,4,2023-12-22,1466635,49,8.77
1694,1694,4,2022-08-09,1978860,33,8.77
1695,1695,5,2023-06-06,111711,22,7.51
1696,1696,4,2022-07-09,4898854,54,8.77
1697,1697,4,2022-01-19,2684456,25,8.77
1698,1698,4,2023-05-10,1438522,43,8.77
1699,1699,5,2023-12-02,1965601,56,7.51
1700,1700,4,2022-02-14,8381795,56,8.77
1701,1701,4,2023-03-18,8170908,8,8.77
1702,1702,5,2023-09-25,2021466,39,7.51
1703,1703,4,2023-03-06,5015904,55,8.77
1704,1704,4,2022-05-15,6814389,30,8.77
1705,1705,5,2023-10-30,639687,36,7.51
1706,1706,5,2023-07-31,415171,40,7.51
1707,1707,5,2023-09-16,495871,49,7.51
1708,1708,5,2023-01-10,1219005,28,7.51
1709,1709,4,2022-09-20,894795,15,8.77
1710,1710,5,2022-10-08,408801,53,7.51
1711,1711,4,2022-05-11,1970959,56,8.77
1712,1712,4,2022-10-21,9491886,52,8.77
1713,1713,4,2023-12-20,6016318,37,8.77
1714,1714,5,2023-10-13,327363,10,7.51
1715,1715,4,2022-03-20,173044,11,8.77
1716,1716,4,2023-10-29,2993501,10,8.77
1717,1717,4,2023-07-04,8660574,36,8.77
1718,1718,4,2023-03-06,5707560,43,8.77
1719,1719,5,2023-08-24,1878517,19,7.51
1720,1720,5,2023-12-03,1360836,9,7.51
1721,1721,4,2023-01-30,5999451,19,8.77
1722,1722,5,2023-03-21,1423952,44,7.51
1723,1723,5,2022-05-01,755965,36,7.51
1724,1724,4,2022-04-04,1819716,9,8.77
1725,1725,4,2023-01-24,5161913,49,8.77
1726,1726,5,2022-03-05,1975717,31,7.51
1727,1727,4,2023-11-06,2981759,15,8.77
1728,1728,4,2023-03-31,2384045,28,8.77
1729,1729,5,2022-04-24,1502538,29,7.51
1730,1730,5,2022-01-18,1911007,48,7.51
1731,1731,4,2022-03-10,7178790,53,8.77
1732,1732,5,2023-07-05,1241884,33,7.51
1733,1733,4,2022-07-21,2537160,24,8.77
1734,1734,4,2023-09-10,8553895,43,8.77
1735,1735,4,2022-10-10,4857313,24,8.77
1736,1736,5,2023-07-19,1652075,39,7.51
1737,1737,5,2022-12-27,785407,15,7.51
1738,1738,4,2023-10-17,2947080,26,8.77
1739,1739,4,2022-05-21,4103485,48,8.77
1740,1740,5,2022-01-08,1320045,24,7.51
1741,1741,5,2023-10-04,787529,43,7.51
1742,1742,4,2022-05-04,489673,16,8.77
1743,1743,5,2023-10-02,961698,6,7.51
1744,1744,4,2022-06-03,7711336,16,8.77
1745,1745,4,2022-04-15,4752166,22,8.77
1746,1746,5,2023-03-09,1721241,41,7.51
1747,1747,4,2022-11-02,8350716,12,8.77
1748,1748,5,2022-07-02,2055067,47,7.51
1749,1749,4,2022-09-07,8234716,35,8.77
1750,1750,4,2023-04-14,3053212,17,8.77
1751,1751,5,2023-12-05,834092,29,7.51
1752,1752,5,2023-10-14,1446100,15,7.51
1753,1753,5,2023-11-07,694551,34,7.51
1754,1754,4,2022-10-26,3788092,37,8.77
1755,1755,5,2023-10-25,1336331,44,7.51
1756,1756,4,2022-06-01,445270,57,8.77
1757,1757,5,2022-04-21,509569,12,7.51
1758,1758,4,2022-08-01,6060252,30,8.77
1759,1759,4,2023-01-12,4864424,21,8.77
1760,1760,4,2023-09-09,5296525,38,8.77
1761,1761,4,2023-10-01,4177703,54,8.77
1762,1762,4,2022-05-18,551043,29,8.77
1763,1763,5,2023-08-02,1645974,9,7.51
1764,1764,4,2022-08-13,5677432,29,8.77
1765,1765,5,2023-05-26,693531,56,7.51
1766,1766,4,2023-09-23,6938260,49,8.77
1767,1767,5,2023-11-06,1036835,39,7.51
1768,1768,4,2022-11-17,4094092,24,8.77
1769,1769,5,2023-04-13,861181,45,7.51
1770,1770,5,2022-04-29,547399,55,7.51
1771,1771,5,2023-03-27,1866792,36,7.51
1772,1772,5,2023-02-20,651538,38,7.51
1773,1773,5,2023-04-09,1262151,18,7.51
1774,1774,4,2023-05-10,8156715,30,8.77
1775,1775,5,2022-07-02,715482,38,7.51
1776,1776,4,2023-03-30,7365285,26,8.77
1777,1777,5,2023-04-25,305153,12,7.51
1778,1778,5,2023-11-30,809249,36,7.51
1779,1779,5,2023-08-07,2020120,13,7.51
1780,1780,4,2022-01-04,3442953,50,8.77
1781,1781,4,2023-10-16,2034395,56,8.77
1782,1782,5,2022-01-15,1706383,48,7.51
1783,1783,5,2023-04-23,727686,28,7.51
1784,1784,5,2022-07-14,1368904,47,7.51
1785,1785,5,2022-07-31,2025996,55,7.51
1786,1786,5,2022-09-28,1857736,53,7.51
1787,1787,5,2023-12-17,1247745,28,7.51
1788,1788,4,2022-08-04,7263241,48,8.77
1789,1789,4,2023-06-29,7566844,39,8.77
1790,1790,4,2023-10-06,4131784,53,8.77
1791,1791,5,2022-10-16,171430,13,7.51
1792,1792,4,2022-10-28,8955634,47,8.77
1793,1793,4,2023-02-06,3839389,39,8.77
1794,1794,5,2023-03-26,1891545,54,7.51
1795,1795,5,2022-10-20,806778,59,7.51
1796,1796,5,2023-12-11,1012241,30,7.51
1797,1797,5,2023-06-11,2084237,8,7.51
1798,1798,4,2022-05-07,333979,18,8.77
1799,1799,5,2022-01-14,1657046,17,7.51
1800,1800,4,2023-05-12,7407788,56,8.77
1801,1801,4,2022-09-15,1577036,31,8.77
1802,1802,5,2022-01-18,1741932,33,7.51
1803,1803,4,2023-03-16,1251690,36,8.77
1804,1804,5,2022-05-17,761225,60,7.51
1805,1805,5,2023-05-17,1781790,23,7.51
1806,1806,5,2022-03-23,730769,24,7.51
1807,1807,4,2023-09-12,8913810,14,8.77
1808,1808,4,2023-05-17,2314400,33,8.77
1809,1809,4,2022-11-18,3997374,57,8.77
1810,1810,4,2022-03-02,9396786,33,8.77
1811,1811,5,2023-10-23,701439,13,7.51
1812,1812,5,2023-11-01,794379,7,7.51
1813,1813,4,2022-10-18,2857559,47,8.77
1814,1814,4,2022-03-06,2329745,51,8.77
1815,1815,5,2022-08-13,1352917,53,7.51
1816,1816,5,2023-02-15,359190,55,7.51
1817,1817,5,2023-08-08,1344201,24,7.51
1818,1818,4,2023-08-21,686436,45,8.77
1819,1819,5,2022-07-13,424813,38,7.51
1820,1820,4,2023-07-05,3495516,24,8.77
1821,1821,4,2022-06-21,5150831,23,8.77
1822,1822,5,2023-02-09,1414484,29,7.51
1823,1823,4,2023-05-12,2986607,54,8.77
1824,1824,5,2023-04-14,533503,14,7.51
1825,1825,5,2023-07-18,641302,17,7.51
1826,1826,5,2023-07-15,1560506,50,7.51
1827,1827,5,2023-03-27,546447,55,7.51
1828,1828,4,2023-09-15,1588564,34,8.77
1829,1829,4,2022-02-23,1721985,21,8.77
1830,1830,5,2022-03-07,114158,31,7.51
1831,1831,4,2022-06-29,2144972,12,8.77
1832,1832,5,2023-04-19,336894,40,7.51
1833,1833,5,2022-10-14,2126290,13,7.51
1834,1834,4,2022-03-02,1642449,18,8.77
1835,1835,5,2023-02-20,713228,59,7.51
1836,1836,5,2023-07-12,166603,44,7.51
1837,1837,5,2022-07-08,1020263,35,7.51
1838,1838,4,2023-04-22,1863705,58,8.77
1839,1839,5,2023-04-20,284291,48,7.51
1840,1840,5,2022-09-19,2050700,34,7.51
1841,1841,4,2022-11-03,4428380,16,8.77
1842,1842,5,2023-04-10,1006836,47,7.51
1843,1843,4,2023-02-09,7868026,25,8.77
1844,1844,4,2023-12-23,4527436,55,8.77
1845,1845,4,2023-11-08,111908,14,8.77
1846,1846,5,2022-11-21,369250,8,7.51
1847,1847,5,2023-03-16,1174316,47,7.51
1848,1848,4,2022-03-14,1988006,32,8.77
1849,1849,4,2023-11-17,5800859,35,8.77
1850,1850,5,2023-04-11,413302,35,7.51
1851,1851,5,2022-01-03,1239007,48,7.51
1852,1852,5,2023-04-04,307294,39,7.51
1853,1853,5,2023-02-17,1348751,10,7.51
1854,1854,5,2022-05-26,1614371,24,7.51
1855,1855,4,2022-02-23,1317260,25,8.77
1856,1856,5,2022-05-09,654287,60,7.51
1857,1857,5,2023-06-22,1872427,54,7.51
1858,1858,4,2023-08-03,136243,42,8.77
1859,1859,5,2022-09-28,1408779,37,7.51
1860,1860,5,2022-01-08,1920181,42,7.51
1861,1861,5,2022-11-18,1971285,48,7.51
1862,1862,5,2023-06-07,122531,7,7.51
1863,1863,5,2022-12-17,515631,29,7.51
1864,1864,5,2023-04-22,1534239,25,7.51
1865,1865,5,2022-06-12,1768052,8,7.51
1866,1866,4,2023-03-15,9379929,27,8.77
1867,1867,5,2022-09-12,1436738,8,7.51
1868,1868,5,2022-10-10,673640,48,7.51
1869,1869,5,2023-08-03,1114360,29,7.51
1870,1870,5,2023-12-11,1640604,30,7.51
1871,1871,5,2022-06-10,1124899,8,7.51
1872,1872,4,2022-06-27,2051640,37,8.77
1873,1873,5,2022-12-19,252452,8,7.51
1874,1874,5,2023-07-25,1079218,28,7.51
1875,1875,5,2022-05-07,1231258,8,7.51
1876,1876,4,2023-05-10,805007,31,8.77
1877,1877,5,2023-01-13,1981672,7,7.51
1878,1878,5,2022-06-16,162799,46,7.51
1879,1879,5,2023-02-04,1047909,44,7.51
1880,1880,4,2023-11-01,3740134,19,8.77
1881,1881,5,2022-01-11,662796,54,7.51
1882,1882,4,2022-09-06,3488332,27,8.77
1883,1883,5,2022-02-15,1958101,39,7.51
1884,1884,4,2022-10-09,9453767,10,8.77
1885,1885,5,2022-12-23,1923131,40,7.51
1886,1886,5,2023-11-06,1313325,13,7.51
1887,1887,5,2023-12-01,881583,30,7.51
1888,1888,5,2022-08-13,602866,57,7.51
1889,1889,4,2023-04-27,5693434,59,8.77
1890,1890,5,2023-02-04,1805734,23,7.51
1891,1891,4,2023-09-20,2846128,36,8.77
1892,1892,4,2023-04-16,8188578,50,8.77
1893,1893,5,2023-07-20,1372387,50,7.51
1894,1894,5,2022-02-16,266960,37,7.51
1895,1895,5,2023-02-22,935787,34,7.51
1896,1896,4,2023-08-25,8605412,48,8.77
1897,1897,5,2022-03-12,2044165,55,7.51
1898,1898,4,2022-05-22,1893872,22,8.77
1899,1899,5,2022-01-20,516866,14,7.51
1900,1900,5,2023-11-07,1660298,26,7.51
1901,1901,4,2022-03-02,3382254,27,8.77
1902,1902,5,2023-02-26,615656,24,7.51
1903,1903,4,2023-04-02,3149013,22,8.77
1904,1904,4,2023-03-16,2222973,14,8.77
1905,1905,5,2022-12-01,502562,12,7.51
1906,1906,5,2022-08-01,1013725,39,7.51
1907,1907,4,2022-09-01,2925186,32,8.77
1908,1908,4,2022-12-01,6894152,6,8.77
1909,1909,5,2023-07-02,1045580,21,7.51
1910,1910,4,2022-05-12,4199025,47,8.77
1911,1911,5,2022-01-28,1917542,39,7.51
1912,1912,5,2023-08-18,675180,37,7.51
1913,1913,5,2023-10-19,293396,8,7.51
1914,1914,5,2023-08-02,906605,59,7.51
1915,1915,4,2023-12-03,8257706,23,8.77
1916,1916,5,2023-02-20,2112584,34,7.51
1917,1917,5,2023-10-09,136313,14,7.51
1918,1918,4,2022-01-23,5481679,45,8.77
1919,1919,5,2023-06-29,1829674,46,7.51
1920,1920,5,2023-03-28,1023139,38,7.51
1921,1921,4,2022-09-14,3410197,35,8.77
1922,1922,5,2022-08-24,1344128,7,7.51
1923,1923,5,2023-11-12,809175,33,7.51
1924,1924,4,2022-11-17,5650974,18,8.77
1925,1925,4,2023-12-07,797814,22,8.77
1926,1926,4,2023-02-13,2986052,55,8.77
1927,1927,4,2023-11-24,6899722,59,8.77
1928,1928,5,2022-06-12,1087574,51,7.51
1929,1929,4,2023-10-23,8834166,32,8.77
1930,1930,5,2022-03-30,1743714,51,7.51
1931,1931,4,2022-12-25,261856,24,8.77
1932,1932,4,2023-04-14,5272407,47,8.77
1933,1933,5,2023-03-07,653615,26,7.51
1934,1934,4,2022-01-16,4859246,14,8.77
1935,1935,4,2022-04-09,7693313,37,8.77
1936,1936,4,2022-11-19,6601835,7,8.77
1937,1937,5,2023-09-11,1676579,58,7.51
1938,1938,4,2022-10-11,5907847,23,8.77
1939,1939,5,2023-09-11,205504,35,7.51
1940,1940,4,2023-09-17,8223592,25,8.77
1941,1941,4,2023-02-05,280669,29,8.77
1942,1942,4,2023-09-19,7016701,25,8.77
1943,1943,4,2022-03-04,6233310,36,8.77
1944,1944,4,2022-02-28,6191656,15,8.77
1945,1945,5,2023-08-02,1446629,54,7.51
1946,1946,4,2022-11-10,7944608,54,8.77
1947,1947,5,2023-08-14,1338340,39,7.51
1948,1948,5,2022-07-05,1196091,54,7.51
1949,1949,4,2022-08-31,7612024,55,8.77
1950,1950,4,2022-10-01,6934109,13,8.77
1951,1951,4,2022-04-13,7303307,25,8.77
1952,1952,4,2023-06-16,8653850,34,8.77
1953,1953,5,2022-01-07,625231,8,7.51
1954,1954,5,2023-07-03,1647271,8,7.51
1955,1955,4,2023-12-08,4812440,24,8.77
1956,1956,4,2023-02-12,1343278,48,8.77
1957,1957,4,2023-03-16,5052133,18,8.77
1958,1958,4,2023-09-20,8611708,21,8.77
1959,1959,5,2022-03-23,1630104,28,7.51
1960,1960,4,2023-08-03,280233,31,8.77
1961,1961,4,2023-01-31,9524340,44,8.77
1962,1962,4,2023-11-27,6444651,12,8.77
1963,1963,5,2023-10-23,281790,35,7.51
1964,1964,4,2023-11-14,6598964,22,8.77
1965,1965,4,2022-03-12,7669303,49,8.77
1966,1966,5,2022-06-29,590560,50,7.51
1967,1967,4,2023-11-02,2770065,11,8.77
1968,1968,5,2023-05-18,2000738,60,7.51
1969,1969,4,2023-03-15,6475330,17,8.77
1970,1970,4,2022-09-28,3558676,59,8.77
1971,1971,5,2022-11-19,1959535,22,7.51
1972,1972,5,2022-10-07,244984,56,7.51
1973,1973,5,2023-01-16,1899384,41,7.51
1974,1974,4,2023-05-08,3905551,32,8.77
1975,1975,4,2023-03-02,4165267,49,8.77
1976,1976,4,2022-05-10,4960959,33,8.77
1977,1977,5,2023-06-16,1639228,17,7.51
1978,1978,4,2023-06-26,6854590,41,8.77
1979,1979,5,2023-03-18,597700,35,7.51
1980,1980,4,2022-01-05,2852363,50,8.77
1981,1981,4,2023-12-09,1833893,27,8.77
1982,1982,5,2022-07-20,1521878,44,7.51
1983,1983,4,2022-01-03,4083797,21,8.77
1984,1984,4,2022-02-20,6132846,16,8.77
1985,1985,5,2023-06-10,1126605,26,7.51
1986,1986,4,2023-07-27,9056154,34,8.77
1987,1987,5,2023-01-24,1212830,28,7.51
1988,1988,4,2023-06-18,268992,24,8.77
1989,1989,4,2022-10-24,6901229,18,8.77
1990,1990,4,2022-04-29,7897031,58,8.77
1991,1991,5,2023-05-13,471679,31,7.51
1992,1992,5,2023-12-05,1423583,29,7.51
1993,1993,4,2023-10-08,7505809,21,8.77
1994,1994,4,2023-10-15,100797,43,8.77
1995,1995,4,2022-06-10,7096170,26,8.77
1996,1996,4,2023-07-01,6909396,19,8.77
1997,1997,4,2022-07-28,2015302,22,8.77
1998,1998,4,2022-11-28,463814,59,8.77
1999,1999,4,2023-12-02,4868301,38,8.77
2000,2000,5,2022-10-24,759476,44,7.51
2001,2001,5,2023-08-18,1296516,16,7.51
2002,2002,4,2022-01-27,4698415,47,8.77
2003,2003,5,2022-09-23,157551,9,7.51
2004,2004,4,2022-04-09,2151887,60,8.77
2005,2005,5,2022-10-17,1516906,52,7.51
2006,2006,4,2023-08-20,6635751,22,8.77
2007,2007,4,2023-08-31,3580744,13,8.77
2008,2008,4,2023-08-10,4615448,13,8.77
2009,2009,5,2023-11-15,859921,47,7.51
2010,2010,4,2023-12-22,199347,57,8.77
2011,2011,4,2022-05-22,1179707,11,8.77
2012,2012,4,2023-04-08,3287820,23,8.77
2013,2013,5,2023-10-24,960887,11,7.51
2014,2014,5,2022-06-15,1336583,19,7.51
2015,2015,4,2023-03-10,3563098,58,8.77
2016,2016,5,2023-01-25,331697,34,7.51
2017,2017,5,2022-05-19,867303,42,7.51
2018,2018,4,2023-06-25,3843694,44,8.77
2019,2019,4,2022-09-05,6938896,38,8.77
2020,2020,5,2023-10-03,522730,12,7.51
2021,2021,5,2023-10-30,495758,58,7.51
2022,2022,5,2022-01-28,435127,30,7.51
2023,2023,5,2022-11-11,104029,55,7.51
2024,2024,5,2022-10-09,710187,17,7.51
2025,2025,4,2022-02-21,1330634,12,8.77
2026,2026,5,2023-07-05,153296,58,7.51
2027,2027,5,2022-12-16,596252,37,7.51
2028,2028,4,2023-10-09,3584851,9,8.77
2029,2029,4,2022-01-02,8383987,35,8.77
2030,2030,5,2022-11-22,1645337,34,7.51
2031,2031,4,2022-08-06,708066,59,8.77
2032,2032,4,2023-09-05,2958432,47,8.77
2033,2033,4,2023-02-13,2792725,48,8.77
2034,2034,5,2022-01-29,277775,7,7.51
2035,2035,4,2022-01-10,4318483,58,8.77
2036,2036,5,2022-02-24,124694,43,7.51
2037,2037,4,2023-08-10,8367782,23,8.77
2038,2038,5,2022-08-30,1980680,50,7.51
2039,2039,4,2023-08-23,3352313,24,8.77
2040,2040,5,2023-07-14,1243478,23,7.51
2041,2041,5,2023-01-27,1212766,56,7.51
2042,2042,5,2023-05-05,170962,36,7.51
2043,2043,5,2022-12-09,1900919,14,7.51
2044,2044,4,2023-12-29,5555629,55,8.77
2045,2045,4,2022-02-05,9024407,51,8.77
2046,2046,5,2023-07-18,773327,38,7.51
2047,2047,4,2023-06-02,3596053,16,8.77
2048,2048,4,2022-12-04,5848009,11,8.77
2049,2049,4,2022-08-05,7621077,27,8.77
2050,2050,4,2023-10-22,552977,17,8.77
2051,2051,5,2022-03-30,502351,50,7.51
2052,2052,5,2022-06-16,1264733,48,7.51
2053,2053,5,2023-12-10,1853369,25,7.51
2054,2054,4,2022-05-23,8393349,12,8.77
2055,2055,4,2023-01-02,7067863,52,8.77
2056,2056,5,2022-10-20,2100270,57,7.51
2057,2057,5,2023-08-01,2084380,20,7.51
2058,2058,4,2022-03-11,1910938,33,8.77
2059,2059,4,2022-05-03,5745408,7,8.77
2060,2060,5,2022-11-09,1167173,52,7.51
2061,2061,4,2023-07-08,5701330,59,8.77
2062,2062,5,2022-03-09,201649,50,7.51
2063,2063,5,2022-01-17,972048,18,7.51
2064,2064,4,2023-12-26,8247241,7,8.77
2065,2065,4,2023-02-22,9529485,47,8.77
2066,2066,4,2022-05-03,1758710,19,8.77
2067,2067,4,2023-02-19,1603596,52,8.77
2068,2068,5,2023-01-19,324847,8,7.51
2069,2069,5,2022-02-14,1536572,13,7.51
2070,2070,4,2023-04-09,5439558,26,8.77
2071,2071,5,2022-10-28,1555968,21,7.51
2072,2072,4,2022-07-09,7661272,6,8.77
2073,2073,5,2022-05-06,1653551,42,7.51
2074,2074,4,2023-02-05,645685,19,8.77
2075,2075,4,2022-08-13,6626008,52,8.77
2076,2076,4,2023-03-02,2167613,46,8.77
2077,2077,4,2023-05-13,7021179,11,8.77
2078,2078,5,2022-07-02,1399178,14,7.51
2079,2079,5,2022-07-19,1188366,22,7.51
2080,2080,5,2023-11-21,272997,60,7.51
2081,2081,4,2023-05-09,8687974,11,8.77
2082,2082,4,2023-07-30,3320332,42,8.77
2083,2083,5,2023-06-01,1403051,50,7.51
2084,2084,5,2022-03-21,375795,56,7.51
2085,2085,5,2022-04-18,1596705,59,7.51
2086,2086,4,2022-11-05,7956772,46,8.77
2087,2087,5,2022-09-14,1431678,37,7.51
2088,2088,5,2022-08-30,1129392,20,7.51
2089,2089,4,2022-11-03,2860703,50,8.77
2090,2090,4,2023-04-21,1914492,29,8.77
2091,2091,4,2022-10-29,7143942,52,8.77
2092,2092,4,2023-08-14,6141609,27,8.77
2093,2093,4,2022-04-02,7950678,43,8.77
2094,2094,5,2023-04-03,360323,30,7.51
2095,2095,5,2022-05-13,802296,6,7.51
2096,2096,5,2022-05-23,1381256,10,7.51
2097,2097,5,2022-03-30,1092508,55,7.51
2098,2098,5,2022-11-01,548415,55,7.51
2099,2099,5,2023-10-19,1742309,40,7.51
2100,2100,5,2023-03-21,1929901,12,7.51
2101,2101,5,2022-08-25,1390125,43,7.51
2102,2102,5,2022-08-11,1756671,56,7.51
2103,2103,4,2022-06-15,2070196,6,8.77
2104,2104,5,2022-01-12,550072,45,7.51
2105,2105,4,2023-01-30,8566242,10,8.77
2106,2106,4,2023-07-08,8214411,28,8.77
2107,2107,4,2022-08-04,8860699,49,8.77
2108,2108,5,2022-11-17,1347458,43,7.51
2109,2109,5,2023-10-07,1749779,34,7.51
2110,2110,5,2023-08-17,533083,15,7.51
2111,2111,5,2022-06-28,1704796,59,7.51
2112,2112,4,2023-06-19,9027206,11,8.77
2113,2113,4,2023-07-29,749512,47,8.77
2114,2114,5,2022-04-29,694092,18,7.51
2115,2115,5,2022-06-14,852865,56,7.51
2116,2116,4,2022-01-13,4796113,31,8.77
2117,2117,4,2022-01-09,7968910,24,8.77
2118,2118,5,2023-03-25,1738799,57,7.51
2119,2119,5,2022-03-31,806253,18,7.51
2120,2120,5,2023-07-28,1974070,51,7.51
2121,2121,5,2022-04-30,1714466,40,7.51
2122,2122,4,2023-06-28,1967678,43,8.77
2123,2123,4,2022-03-01,6902641,22,8.77
2124,2124,4,2022-06-09,5134847,42,8.77
2125,2125,5,2022-03-11,1822521,24,7.51
2126,2126,4,2022-06-21,6058668,10,8.77
2127,2127,5,2023-01-27,370089,11,7.51
2128,2128,5,2023-03-07,1469898,36,7.51
2129,2129,4,2022-01-05,8815429,36,8.77
2130,2130,5,2022-07-16,1940320,34,7.51
2131,2131,5,2022-08-05,406311,48,7.51
2132,2132,5,2022-11-15,1006888,43,7.51
2133,2133,5,2023-04-27,1713725,32,7.51
2134,2134,4,2022-08-21,3812222,13,8.77
2135,2135,4,2023-09-08,6395858,35,8.77
2136,2136,4,2022-04-23,7616501,20,8.77
2137,2137,4,2023-09-16,4829253,13,8.77
2138,2138,5,2022-11-08,178762,35,7.51
2139,2139,5,2023-04-23,640463,21,7.51
2140,2140,5,2022-05-21,2112416,37,7.51
2141,2141,4,2023-05-25,3544551,12,8.77
2142,2142,4,2022-12-31,2923975,39,8.77
2143,2143,5,2022-06-01,2041199,36,7.51
2144,2144,5,2023-01-10,1699812,9,7.51
2145,2145,5,2023-02-13,2039666,45,7.51
2146,2146,5,2023-12-02,1748549,46,7.51
2147,2147,5,2023-07-14,2122003,30,7.51
2148,2148,5,2023-08-23,1691662,44,7.51
2149,2149,5,2023-05-28,1284411,24,7.51
2150,2150,4,2023-06-23,3198834,26,8.77
2151,2151,4,2022-09-10,8018265,50,8.77
2152,2152,4,2023-05-21,7530176,52,8.77
2153,2153,5,2023-10-19,813752,35,7.51
2154,2154,5,2022-07-20,1210361,36,7.51
2155,2155,5,2023-02-03,753363,8,7.51
2156,2156,4,2023-05-03,8181740,7,8.77
2157,2157,5,2022-02-01,684537,29,7.51
2158,2158,5,2023-12-13,124480,15,7.51
2159,2159,5,2022-12-09,2013543,22,7.51
2160,2160,4,2022-01-25,2162171,22,8.77
2161,2161,5,2022-02-13,627059,58,7.51
2162,2162,4,2023-01-27,2785637,37,8.77
2163,2163,4,2023-09-24,3432978,40,8.77
2164,2164,5,2022-10-18,1090656,8,7.51
2165,2165,4,2023-07-06,4773472,53,8.77
2166,2166,4,2022-06-04,6617218,27,8.77
2167,2167,5,2023-10-24,2050167,60,7.51
2168,2168,4,2022-08-12,5977821,15,8.77
2169,2169,4,2022-04-15,4862103,33,8.77
2170,2170,5,2023-04-04,1022226,8,7.51
2171,2171,4,2023-09-27,8024330,58,8.77
2172,2172,4,2022-05-08,9535052,11,8.77
2173,2173,5,2023-02-17,887476,35,7.51
2174,2174,4,2023-04-12,6102573,20,8.77
2175,2175,5,2022-01-02,1737068,29,7.51
2176,2176,5,2022-11-11,1290695,19,7.51
2177,2177,5,2023-07-13,1469264,44,7.51
2178,2178,5,2023-04-24,259025,56,7.51
2179,2179,5,2023-12-29,1233485,37,7.51
2180,2180,4,2022-07-20,6259913,35,8.77
2181,2181,5,2022-07-24,373729,31,7.51
2182,2182,5,2023-06-30,1763744,34,7.51
2183,2183,5,2022-02-08,458502,12,7.51
2184,2184,5,2023-04-13,1181158,40,7.51
2185,2185,5,2023-04-16,2003046,58,7.51
2186,2186,5,2023-12-17,138554,33,7.51
2187,2187,4,2023-04-13,3697844,51,8.77
2188,2188,4,2022-05-29,344185,27,8.77
2189,2189,4,2022-04-08,1980758,18,8.77
2190,2190,4,2023-07-06,2788186,49,8.77
2191,2191,4,2022-07-21,595832,39,8.77
2192,2192,5,2022-06-08,264216,51,7.51
2193,2193,5,2022-01-25,1249316,37,7.51
2194,2194,5,2022-03-30,2001340,14,7.51
2195,2195,5,2022-04-09,1421659,37,7.51
2196,2196,5,2023-12-17,1362518,24,7.51
2197,2197,5,2022-11-01,559142,30,7.51
2198,2198,4,2023-02-06,3494361,50,8.77
2199,2199,4,2023-05-01,212728,35,8.77
2200,2200,5,2023-11-16,132606,45,7.51
2201,2201,4,2022-09-04,9179466,35,8.77
2202,2202,5,2022-06-03,1161003,48,7.51
2203,2203,5,2023-02-22,441103,47,7.51
2204,2204,4,2022-09-06,1129991,14,8.77
2205,2205,4,2023-02-18,2977485,59,8.77
2206,2206,4,2023-12-19,4510689,39,8.77
2207,2207,5,2022-01-02,255579,54,7.51
2208,2208,4,2023-07-26,1537787,13,8.77
2209,2209,5,2022-06-02,614936,50,7.51
2210,2210,5,2023-06-06,1978691,23,7.51
2211,2211,5,2023-10-26,453888,26,7.51
2212,2212,4,2022-02-03,3877943,42,8.77
2213,2213,5,2022-10-08,582222,44,7.51
2214,2214,4,2023-09-26,2603284,10,8.77
2215,2215,4,2023-12-11,9325797,25,8.77
2216,2216,5,2022-10-23,1193084,10,7.51
2217,2217,4,2022-07-09,155399,12,8.77
2218,2218,4,2023-04-28,4446024,23,8.77
2219,2219,5,2023-11-14,831428,23,7.51
2220,2220,5,2022-05-26,1523592,48,7.51
2221,2221,5,2022-09-21,1082138,37,7.51
2222,2222,5,2022-05-09,107905,55,7.51
2223,2223,5,2022-05-08,753857,52,7.51
2224,2224,5,2023-02-10,934762,12,7.51
2225,2225,4,2023-05-23,4047884,14,8.77
2226,2226,5,2022-12-06,1145260,60,7.51
2227,2227,4,2023-12-30,5069970,49,8.77
2228,2228,4,2023-02-25,9170273,30,8.77
2229,2229,4,2023-04-01,3726922,15,8.77
2230,2230,4,2022-02-26,6209477,47,8.77
2231,2231,5,2022-06-11,2071276,11,7.51
2232,2232,5,2022-09-30,1295536,18,7.51
2233,2233,5,2022-01-31,2029347,24,7.51
2234,2234,5,2022-03-31,2014843,40,7.51
2235,2235,5,2023-10-21,1549341,29,7.51
2236,2236,4,2023-01-22,1268880,8,8.77
2237,2237,4,2023-12-10,666574,49,8.77
2238,2238,5,2023-11-23,1876951,40,7.51
2239,2239,5,2023-06-11,1287587,22,7.51
2240,2240,5,2023-06-27,941009,40,7.51
2241,2241,4,2022-03-16,330465,18,8.77
2242,2242,4,2023-08-30,1430438,34,8.77
2243,2243,5,2023-11-17,997122,58,7.51
2244,2244,4,2023-02-13,2398925,46,8.77
2245,2245,5,2022-02-15,2039063,6,7.51
2246,2246,5,2023-09-13,1165178,55,7.51
2247,2247,5,2023-03-17,1545942,59,7.51
2248,2248,4,2022-08-22,4517134,28,8.77
2249,2249,5,2022-12-24,1181759,22,7.51
2250,2250,4,2023-03-11,4689121,60,8.77
2251,2251,4,2022-05-19,2737040,30,8.77
2252,2252,4,2023-12-07,7578710,18,8.77
2253,2253,5,2022-04-10,2109945,39,7.51
2254,2254,4,2023-08-06,936177,54,8.77
2255,2255,5,2022-10-04,1767398,8,7.51
2256,2256,4,2023-11-09,5564502,21,8.77
2257,2257,4,2023-11-09,8812088,56,8.77
2258,2258,5,2023-08-30,1932253,14,7.51
2259,2259,5,2023-07-25,1277065,21,7.51
2260,2260,5,2023-05-27,847288,19,7.51
2261,2261,5,2022-08-13,500497,37,7.51
2262,2262,5,2022-10-13,1424138,14,7.51
2263,2263,4,2022-03-07,6081576,56,8.77
2264,2264,4,2023-03-05,8289845,16,8.77
2265,2265,4,2023-10-18,4125414,57,8.77
2266,2266,4,2022-06-03,2788052,10,8.77
2267,2267,5,2022-10-04,1925311,25,7.51
2268,2268,4,2022-10-05,7822596,23,8.77
2269,2269,4,2023-03-15,4449070,12,8.77
2270,2270,5,2023-08-06,1108035,35,7.51
2271,2271,5,2022-10-26,1986653,14,7.51
2272,2272,4,2023-12-20,3307697,47,8.77
2273,2273,4,2023-04-24,1815889,31,8.77
2274,2274,5,2022-01-12,1473093,12,7.51
2275,2275,5,2023-11-15,141152,51,7.51
2276,2276,4,2022-09-12,3507861,40,8.77
2277,2277,4,2023-01-02,6341731,33,8.77
2278,2278,4,2022-10-01,8913873,48,8.77
2279,2279,5,2023-09-19,1974987,25,7.51
2280,2280,4,2022-09-09,1453130,30,8.77
2281,2281,5,2023-01-29,2122413,19,7.51
2282,2282,4,2022-02-06,9535460,47,8.77
2283,2283,5,2023-03-02,362895,44,7.51
2284,2284,4,2023-04-12,2894212,30,8.77
2285,2285,4,2022-09-15,5613807,37,8.77
2286,2286,4,2022-11-10,5288560,24,8.77
2287,2287,4,2023-05-11,807752,48,8.77
2288,2288,4,2023-06-07,4542142,6,8.77
2289,2289,4,2023-11-23,217637,51,8.77
2290,2290,4,2023-08-20,5008959,37,8.77
2291,2291,4,2022-02-06,3020610,35,8.77
2292,2292,4,2022-11-23,3272596,55,8.77
2293,2293,4,2023-12-17,2137386,27,8.77
2294,2294,4,2022-08-21,4704115,30,8.77
2295,2295,4,2022-05-12,3477570,51,8.77
2296,2296,5,2022-10-25,762001,44,7.51
2297,2297,4,2022-02-05,5922502,18,8.77
2298,2298,4,2023-10-06,7857785,14,8.77
2299,2299,5,2022-12-02,1852556,43,7.51
2300,2300,5,2023-04-24,473913,18,7.51
2301,2301,4,2022-11-27,6066580,53,8.77
2302,2302,5,2022-10-23,1644641,16,7.51
2303,2303,5,2023-09-20,860390,9,7.51
2304,2304,5,2023-09-14,2084296,22,7.51
2305,2305,4,2023-07-16,3509938,34,8.77
2306,2306,5,2023-07-13,406683,32,7.51
2307,2307,4,2023-04-02,572926,32,8.77
2308,2308,4,2022-01-03,387604,35,8.77
2309,2309,4,2022-01-12,3408038,46,8.77
2310,2310,4,2022-08-03,4607845,59,8.77
2311,2311,5,2023-01-18,1383112,11,7.51
2312,2312,5,2022-01-22,2091806,24,7.51
2313,2313,5,2022-05-31,750573,18,7.51
2314,2314,4,2022-12-25,3981026,36,8.77
2315,2315,4,2022-12-02,9405777,40,8.77
2316,2316,5,2023-02-14,982267,12,7.51
2317,2317,5,2022-09-14,1546504,43,7.51
2318,2318,4,2022-08-02,3195316,13,8.77
2319,2319,5,2022-12-16,1123903,29,7.51
2320,2320,4,2023-10-22,6125600,43,8.77
2321,2321,4,2022-12-21,2975598,57,8.77
2322,2322,4,2023-12-08,1341867,20,8.77
2323,2323,4,2023-09-02,1375167,52,8.77
2324,2324,5,2023-03-22,1538859,43,7.51
2325,2325,4,2023-10-14,5512364,25,8.77
2326,2326,5,2023-06-27,1971098,50,7.51
2327,2327,5,2022-08-28,2021044,50,7.51
2328,2328,4,2023-12-15,3942254,29,8.77
2329,2329,5,2022-01-10,2077103,29,7.51
2330,2330,5,2022-06-10,198446,38,7.51
2331,2331,4,2023-10-22,6851191,33,8.77
2332,2332,4,2023-11-12,1489466,6,8.77
2333,2333,5,2023-04-07,1403924,29,7.51
2334,2334,5,2022-02-21,479950,59,7.51
2335,2335,4,2023-07-13,769181,34,8.77
2336,2336,5,2022-04-04,1170923,36,7.51
2337,2337,4,2022-07-19,4545979,8,8.77
2338,2338,5,2022-01-15,1121609,20,7.51
2339,2339,5,2022-05-15,919527,11,7.51
2340,2340,4,2022-01-13,4515305,25,8.77
2341,2341,4,2023-10-22,4701921,30,8.77
2342,2342,5,2023-03-17,244098,44,7.51
2343,2343,5,2023-02-23,393917,38,7.51
2344,2344,5,2022-04-21,334260,46,7.51
2345,2345,4,2022-09-11,174261,33,8.77
2346,2346,4,2022-06-21,1257106,57,8.77
2347,2347,4,2022-10-26,3975705,57,8.77
2348,2348,5,2022-09-03,1500321,9,7.51
2349,2349,5,2023-03-31,878295,17,7.51
2350,2350,4,2022-07-24,846866,40,8.77
2351,2351,5,2022-02-24,1576039,43,7.51
2352,2352,5,2022-02-27,1376765,35,7.51
2353,2353,5,2022-06-15,1372915,11,7.51
2354,2354,4,2023-07-12,8014732,55,8.77
2355,2355,5,2023-01-30,1070799,35,7.51
2356,2356,4,2022-01-19,4719660,22,8.77
2357,2357,4,2022-04-02,4621683,12,8.77
2358,2358,5,2023-02-28,441808,27,7.51
2359,2359,5,2022-09-13,246056,25,7.51
2360,2360,5,2023-11-30,1990786,8,7.51
2361,2361,4,2023-11-05,2036717,55,8.77
2362,2362,4,2023-12-06,2473480,25,8.77
2363,2363,4,2022-05-18,8699688,20,8.77
2364,2364,5,2022-06-05,1358501,58,7.51
2365,2365,4,2023-05-02,3902987,56,8.77
2366,2366,4,2022-10-13,1957614,27,8.77
2367,2367,4,2023-01-11,1200774,40,8.77
2368,2368,5,2022-10-31,558181,33,7.51
2369,2369,4,2022-11-06,8951902,18,8.77
2370,2370,4,2023-12-27,2257003,21,8.77
2371,2371,4,2022-07-09,7573074,27,8.77
2372,2372,5,2023-04-22,869247,25,7.51
2373,2373,4,2022-11-17,2059134,40,8.77
2374,2374,5,2023-10-25,1754075,43,7.51
2375,2375,4,2022-10-17,8885217,54,8.77
2376,2376,5,2023-05-14,1324192,48,7.51
2377,2377,4,2023-11-27,8008711,55,8.77
2378,2378,5,2023-01-12,230338,44,7.51
2379,2379,5,2022-01-11,1148495,17,7.51
2380,2380,4,2023-07-28,6159396,11,8.77
2381,2381,5,2022-05-08,1549016,49,7.51
2382,2382,5,2022-07-05,1644204,19,7.51
2383,2383,5,2022-09-23,1758393,42,7.51
2384,2384,5,2022-09-29,1679203,46,7.51
2385,2385,4,2022-07-22,5896428,18,8.77
2386,2386,4,2022-05-20,2977484,16,8.77
2387,2387,5,2023-10-10,997735,23,7.51
2388,2388,5,2023-12-22,1716304,45,7.51
2389,2389,4,2023-10-11,3691489,8,8.77
2390,2390,5,2022-03-25,2096296,58,7.51
2391,2391,4,2022-09-22,848553,27,8.77
2392,2392,4,2023-06-14,2822742,59,8.77
2393,2393,5,2022-05-20,936677,60,7.51
2394,2394,5,2023-11-12,1016452,23,7.51
2395,2395,5,2023-12-17,1002741,23,7.51
2396,2396,4,2022-03-09,4655429,54,8.77
2397,2397,5,2022-04-12,1670762,47,7.51
2398,2398,5,2023-10-13,679959,21,7.51
2399,2399,5,2023-05-24,1254687,55,7.51
2400,2400,5,2022-09-23,351015,55,7.51
2401,2401,5,2022-02-15,322432,46,7.51
2402,2402,4,2023-02-02,8775509,38,8.77
2403,2403,5,2022-08-01,580624,23,7.51
2404,2404,4,2023-12-20,6630602,49,8.77
2405,2405,5,2023-03-25,855104,30,7.51
2406,2406,4,2022-08-30,7656172,48,8.77
2407,2407,5,2022-12-03,729799,48,7.51
2408,2408,5,2022-09-12,178398,6,7.51
2409,2409,4,2023-05-21,8338856,24,8.77
2410,2410,5,2023-05-26,559610,55,7.51
2411,2411,5,2022-01-02,737290,10,7.51
2412,2412,4,2022-10-30,6491825,14,8.77
2413,2413,5,2023-02-05,1056622,60,7.51
2414,2414,5,2023-12-06,1503060,17,7.51
2415,2415,5,2022-01-15,1829445,24,7.51
2416,2416,5,2022-07-09,1900550,33,7.51
2417,2417,4,2023-01-14,7266998,50,8.77
2418,2418,4,2022-01-23,5082499,8,8.77
2419,2419,4,2023-05-19,308416,14,8.77
2420,2420,4,2022-03-23,8237123,35,8.77
2421,2421,4,2023-12-12,175234,19,8.77
2422,2422,5,2022-08-17,1509328,21,7.51
2423,2423,5,2022-11-13,105915,26,7.51
2424,2424,4,2022-11-23,1486908,49,8.77
2425,2425,4,2023-03-06,4898755,29,8.77
2426,2426,5,2022-12-29,164203,39,7.51
2427,2427,4,2022-05-08,4468953,27,8.77
2428,2428,5,2022-07-09,159346,53,7.51
2429,2429,5,2022-08-18,382745,43,7.51
2430,2430,4,2023-01-02,292145,59,8.77
2431,2431,5,2023-04-06,1177835,54,7.51
2432,2432,5,2022-07-30,312955,14,7.51
2433,2433,4,2023-11-16,5128934,10,8.77
2434,2434,4,2022-06-09,1381628,15,8.77
2435,2435,4,2022-03-22,5398176,10,8.77
2436,2436,5,2022-01-30,224846,7,7.51
2437,2437,4,2022-07-04,3615066,22,8.77
2438,2438,4,2023-04-28,297767,51,8.77
2439,2439,5,2023-01-27,621808,54,7.51
2440,2440,4,2022-10-01,5558715,7,8.77
2441,2441,4,2023-07-22,1057519,19,8.77
2442,2442,5,2022-02-15,1666166,33,7.51
2443,2443,5,2023-07-17,2050039,39,7.51
2444,2444,5,2022-06-11,727114,19,7.51
2445,2445,4,2022-07-19,8960005,32,8.77
2446,2446,5,2022-06-07,1598037,6,7.51
2447,2447,5,2022-06-14,2037191,53,7.51
2448,2448,5,2022-03-04,862121,42,7.51
2449,2449,4,2022-07-08,9176152,42,8.77
2450,2450,5,2023-12-15,168254,37,7.51
2451,2451,4,2022-04-08,3388433,16,8.77
2452,2452,5,2022-09-16,276651,58,7.51
2453,2453,4,2022-03-23,2839275,9,8.77
2454,2454,4,2023-07-14,9368001,12,8.77
2455,2455,5,2022-12-22,1282674,35,7.51
2456,2456,4,2023-11-20,1646315,52,8.77
2457,2457,4,2022-04-21,850300,12,8.77
2458,2458,5,2023-01-05,1212111,51,7.51
2459,2459,4,2022-07-21,8019948,15,8.77
2460,2460,5,2022-02-20,954802,22,7.51
2461,2461,5,2022-01-08,1136606,37,7.51
2462,2462,5,2022-02-28,745353,20,7.51
2463,2463,4,2022-03-29,3085985,37,8.77
2464,2464,5,2022-09-05,1403534,10,7.51
2465,2465,5,2023-11-14,850165,8,7.51
2466,2466,4,2023-01-24,1236016,27,8.77
2467,2467,5,2023-09-19,1207227,47,7.51
2468,2468,4,2023-12-07,9202366,46,8.77
2469,2469,4,2022-05-21,1769446,40,8.77
2470,2470,4,2022-04-16,202399,29,8.77
2471,2471,4,2023-08-14,6875343,14,8.77
2472,2472,5,2022-02-02,2073488,19,7.51
2473,2473,4,2023-08-14,5683722,24,8.77
2474,2474,4,2022-04-06,4680402,7,8.77
2475,2475,5,2022-04-12,1046703,36,7.51
2476,2476,4,2022-06-24,1074153,39,8.77
2477,2477,4,2022-10-23,6874374,29,8.77
2478,2478,4,2022-01-16,7167932,24,8.77
2479,2479,5,2023-07-09,1181141,55,7.51
2480,2480,5,2023-04-06,718250,36,7.51
2481,2481,4,2023-03-25,5417594,12,8.77
2482,2482,4,2022-04-08,3564152,57,8.77
2483,2483,5,2023-03-19,1940817,45,7.51
2484,2484,4,2022-07-10,7162474,6,8.77
2485,2485,4,2022-11-23,6647455,10,8.77
2486,2486,4,2023-07-31,8323754,29,8.77
2487,2487,4,2022-05-15,5058622,22,8.77
2488,2488,4,2023-04-23,5549282,24,8.77
2489,2489,5,2023-04-28,1293057,24,7.51
2490,2490,5,2023-01-13,710066,23,7.51
2491,2491,4,2022-11-30,2938049,18,8.77
2492,2492,5,2022-06-09,513027,7,7.51
2493,2493,5,2023-10-13,916553,47,7.51
2494,2494,4,2023-11-12,7992092,59,8.77
2495,2495,5,2022-02-04,1185729,23,7.51
2496,2496,5,2023-11-29,2037901,31,7.51
2497,2497,4,2023-05-16,3705333,40,8.77
2498,2498,4,2023-01-28,4193637,58,8.77
2499,2499,5,2023-06-11,1228804,15,7.51
